Order_ID,Order_Date,Customer,Product,Category,Region,Quantity,Unit_Price,Revenue,Cost,Profit
ORD-10001,2024-07-25,"Zenith Dynamics","Ergonomic Vertical Mouse",Accessories,Central,1,64,64,24,40
ORD-10002,2025-12-10,"Prime Dynamics","Locking Storage Credenza",Furniture,Central,1,386,386,210,176
ORD-10003,2024-04-18,"BluePeak Software","Standing Motorized Desk",Furniture,Central,2,649,1298,660,638
ORD-10004,2024-11-12,"Global Logistics","Mechanical Backlit Keyboard",Accessories,South,2,126,252,96,156
ORD-10005,2024-11-02,"Horizon Technologies","4K Ultra Monitor 32""",Electronics,North,1,508,508,320,188
ORD-10006,2025-02-02,"Summit Financial","Ergonomic Vertical Mouse",Accessories,North,4,69,276,96,180
ORD-10007,2025-04-29,"Zenith Dynamics","LaserJet High-Speed Printer",Office Supplies,North,3,449,1347,840,507
ORD-10008,2024-07-03,"Stellar Media","4K Ultra Monitor 32""",Electronics,North,2,494,988,640,348
ORD-10009,2024-08-10,"Zenith Dynamics","Ergonomic Vertical Mouse",Accessories,South,12,67,804,288,516
ORD-10010,2025-10-13,"Global Logistics","Universal Laptop Stand",Accessories,East,2,48,96,32,64
ORD-10011,2024-10-10,"Summit Financial","Acoustic Privacy Panel",Furniture,Central,2,149,298,120,178
ORD-10012,2024-09-04,"Horizon Technologies","Standing Motorized Desk",Furniture,Central,1,600,600,330,270
ORD-10013,2024-01-29,"Horizon Technologies","Thunderbolt 4 Docking Hub",Accessories,North,2,214,428,190,238
ORD-10014,2025-06-26,"Vertex Health","1080p Studio Webcam",Accessories,North,1,97,97,38,59
ORD-10015,2025-02-15,"Global Logistics","Modular Conference Table",Furniture,South,1,1199,1199,620,579
ORD-10016,2024-01-11,"Beacon Partners","4K Ultra Monitor 32""",Electronics,North,1,549,549,320,229
ORD-10017,2024-06-22,"Vertex Health","Modular Conference Table",Furniture,North,2,1139,2278,1240,1038
ORD-10018,2025-10-16,"Velocity Freight","Thunderbolt 4 Docking Hub",Accessories,South,5,208,1040,475,565
ORD-10019,2025-06-20,"Zenith Dynamics","1080p Studio Webcam",Accessories,North,1,97,97,38,59
ORD-10020,2025-07-24,"Quantum Edge","1080p Studio Webcam",Accessories,East,1,94,94,38,56
ORD-10021,2024-07-07,"Quantum Edge","High-Yield Toner Cartridges",Office Supplies,East,2,85,170,56,114
ORD-10022,2024-03-30,"Apex Retail","Thunderbolt 4 Docking Hub",Accessories,South,2,214,428,190,238
ORD-10023,2024-08-05,"Crestview Solutions","Standing Motorized Desk",Furniture,North,1,617,617,330,287
ORD-10024,2025-02-12,"Prime Dynamics","LaserJet High-Speed Printer",Office Supplies,North,2,474,948,560,388
ORD-10025,2024-03-07,"Cascade Ventures","UltraBook Pro 15",Electronics,East,1,1234,1234,850,384
ORD-10026,2025-05-25,"Apex Retail","LaserJet High-Speed Printer",Office Supplies,South,1,499,499,280,219
ORD-10027,2025-06-09,"Velocity Freight","Heavy-Duty Paper Shredder",Office Supplies,North,4,155,620,260,360
ORD-10028,2025-02-09,"Crestview Solutions","Ergonomic Executive Chair",Furniture,East,2,399,798,380,418
ORD-10029,2025-10-22,"Nexus Enterprises","LaserJet High-Speed Printer",Office Supplies,East,2,487,974,560,414
ORD-10030,2025-04-24,"Quantum Edge","Thunderbolt 4 Docking Hub",Accessories,South,1,208,208,95,113
ORD-10031,2024-11-13,"Summit Financial","High-Yield Toner Cartridges",Office Supplies,South,1,80,80,28,52
ORD-10032,2025-08-28,"Summit Financial","Smart Wireless Router",Electronics,Central,1,179,179,75,104
ORD-10033,2024-07-27,"Vanguard Industrial","Universal Laptop Stand",Accessories,East,2,48,96,32,64
ORD-10034,2025-04-16,"Acme Corp","Thunderbolt 4 Docking Hub",Accessories,North,2,197,394,190,204
ORD-10035,2024-10-14,"Lumina Systems","Acoustic Privacy Panel",Furniture,South,1,142,142,60,82
ORD-10036,2025-01-16,"Global Logistics","Universal Laptop Stand",Accessories,Central,4,47,188,64,124
ORD-10037,2024-03-18,"Horizon Technologies","Universal Laptop Stand",Accessories,South,5,44,220,80,140
ORD-10038,2025-01-05,"Acme Corp","Smart Wireless Router",Electronics,Central,2,179,358,150,208
ORD-10039,2024-07-27,"BluePeak Software","Mechanical Backlit Keyboard",Accessories,North,1,129,129,48,81
ORD-10040,2025-06-14,"Apex Retail","Thunderbolt 4 Docking Hub",Accessories,South,2,197,394,190,204
ORD-10041,2024-03-09,"Horizon Technologies","Modular Conference Table",Furniture,North,2,1199,2398,1240,1158
ORD-10042,2024-12-23,"Acme Corp","Ergonomic Executive Chair",Furniture,North,1,359,359,190,169
ORD-10043,2024-11-11,"Summit Financial","Modular Conference Table",Furniture,East,2,1079,2158,1240,918
ORD-10044,2024-02-18,"Cascade Ventures","1080p Studio Webcam",Accessories,South,6,97,582,228,354
ORD-10045,2024-02-09,"Vertex Health","Locking Storage Credenza",Furniture,Central,1,429,429,210,219
ORD-10046,2024-04-07,"Lumina Systems","High-Yield Toner Cartridges",Office Supplies,South,3,82,246,84,162
ORD-10047,2024-09-05,"Apex Retail","High-Yield Toner Cartridges",Office Supplies,North,4,85,340,112,228
ORD-10048,2025-10-12,"Pinnacle Goods","Smart Wireless Router",Electronics,East,1,179,179,75,104
ORD-10049,2025-06-30,"Atlas Energy","Ergonomic Executive Chair",Furniture,East,1,389,389,190,199
ORD-10050,2025-08-31,"Beacon Partners","Locking Storage Credenza",Furniture,East,5,386,1930,1050,880
ORD-10051,2025-11-03,"Cascade Ventures","Modular Conference Table",Furniture,West,1,1169,1169,620,549
ORD-10052,2024-05-23,"Vertex Health","Acoustic Privacy Panel",Furniture,Central,1,142,142,60,82
ORD-10053,2024-12-06,"Quantum Edge","Locking Storage Credenza",Furniture,East,1,418,418,210,208
ORD-10054,2024-02-16,"Horizon Technologies","UltraBook Pro 15",Electronics,South,3,1234,3702,2550,1152
ORD-10055,2024-10-12,"Global Logistics","Universal Laptop Stand",Accessories,East,1,48,48,16,32
ORD-10056,2024-04-20,"Quantum Edge","Acoustic Privacy Panel",Furniture,North,1,142,142,60,82
ORD-10057,2024-06-16,"Zenith Dynamics","1080p Studio Webcam",Accessories,East,5,94,470,190,280
ORD-10058,2024-07-01,"Acme Corp","Ergonomic Vertical Mouse",Accessories,North,2,64,128,48,80
ORD-10059,2025-08-10,"Pinnacle Goods","Standing Motorized Desk",Furniture,Central,2,617,1234,660,574
ORD-10060,2024-09-02,"Stellar Media","UltraBook Pro 15",Electronics,Central,16,1267,20272,13600,6672
ORD-10061,2025-05-18,"Acme Corp","Ergonomic Vertical Mouse",Accessories,West,2,67,134,48,86
ORD-10062,2024-09-10,"Atlas Energy","Enterprise Server X1",Electronics,North,1,2827,2827,1800,1027
ORD-10063,2024-08-08,"Pinnacle Goods","Smart Wireless Router",Electronics,West,1,166,166,75,91
ORD-10064,2025-04-03,"Cascade Ventures","Mechanical Backlit Keyboard",Accessories,North,1,126,126,48,78
ORD-10065,2025-05-18,"Prime Dynamics","LaserJet High-Speed Printer",Office Supplies,East,1,462,462,280,182
ORD-10066,2024-02-02,"Atlas Energy","Locking Storage Credenza",Furniture,West,1,386,386,210,176
ORD-10067,2025-12-15,"Prime Dynamics","1080p Studio Webcam",Accessories,East,1,92,92,38,54
ORD-10068,2025-07-04,"Crestview Solutions","Heavy-Duty Paper Shredder",Office Supplies,North,1,147,147,65,82
ORD-10069,2024-12-14,"Zenith Dynamics","Mechanical Backlit Keyboard",Accessories,West,2,123,246,96,150
ORD-10070,2025-04-28,"Quantum Edge","Universal Laptop Stand",Accessories,West,6,49,294,96,198
ORD-10071,2024-11-28,"Quantum Edge","Modular Conference Table",Furniture,West,1,1199,1199,620,579
ORD-10072,2025-01-14,"Vertex Health","Universal Laptop Stand",Accessories,West,2,47,94,32,62
ORD-10073,2025-03-09,"Prime Dynamics","1080p Studio Webcam",Accessories,East,2,92,184,76,108
ORD-10074,2025-06-01,"Velocity Freight","High-Yield Toner Cartridges",Office Supplies,South,2,80,160,56,104
ORD-10075,2024-03-06,"Pinnacle Goods","1080p Studio Webcam",Accessories,Central,2,89,178,76,102
ORD-10076,2025-05-17,"Prime Dynamics","LaserJet High-Speed Printer",Office Supplies,Central,1,499,499,280,219
ORD-10077,2024-11-13,"BluePeak Software","Ergonomic Executive Chair",Furniture,West,1,399,399,190,209
ORD-10078,2024-03-13,"Stellar Media","LaserJet High-Speed Printer",Office Supplies,West,6,474,2844,1680,1164
ORD-10079,2025-09-22,"Lumina Systems","Universal Laptop Stand",Accessories,West,1,45,45,16,29
ORD-10080,2025-02-01,"Lumina Systems","Smart Wireless Router",Electronics,North,2,175,350,150,200
ORD-10081,2024-12-07,"BluePeak Software","1080p Studio Webcam",Accessories,South,3,97,291,114,177
ORD-10082,2024-01-30,"Lumina Systems","Universal Laptop Stand",Accessories,Central,1,44,44,16,28
ORD-10083,2025-11-29,"Lumina Systems","Acoustic Privacy Panel",Furniture,North,2,134,268,120,148
ORD-10084,2024-03-23,"Atlas Energy","Ergonomic Vertical Mouse",Accessories,West,1,67,67,24,43
ORD-10085,2024-04-03,"Velocity Freight","Acoustic Privacy Panel",Furniture,East,4,134,536,240,296
ORD-10086,2025-03-08,"Crestview Solutions","Mechanical Backlit Keyboard",Accessories,West,5,126,630,240,390
ORD-10087,2025-11-22,"Summit Financial","Enterprise Server X1",Electronics,West,1,2827,2827,1800,1027
ORD-10088,2024-02-04,"Vanguard Industrial","Modular Conference Table",Furniture,South,1,1109,1109,620,489
ORD-10089,2024-09-21,"Nexus Enterprises","Smart Wireless Router",Electronics,West,2,161,322,150,172
ORD-10090,2025-10-14,"Vertex Health","Mechanical Backlit Keyboard",Accessories,North,1,126,126,48,78
ORD-10091,2025-06-04,"Summit Financial","Ergonomic Vertical Mouse",Accessories,South,2,62,124,48,76
ORD-10092,2024-05-16,"Stellar Media","Ergonomic Vertical Mouse",Accessories,East,1,69,69,24,45
ORD-10093,2025-09-23,"Prime Dynamics","Thunderbolt 4 Docking Hub",Accessories,North,18,219,3942,1710,2232
ORD-10094,2024-02-03,"Vanguard Industrial","Ergonomic Executive Chair",Furniture,East,1,369,369,190,179
ORD-10095,2025-12-15,"Apex Retail","Enterprise Server X1",Electronics,East,1,2827,2827,1800,1027
ORD-10096,2025-07-21,"Apex Retail","Enterprise Server X1",Electronics,South,1,2682,2682,1800,882
ORD-10097,2025-11-28,"Atlas Energy","Enterprise Server X1",Electronics,East,1,2609,2609,1800,809
ORD-10098,2025-04-26,"Global Logistics","Ergonomic Executive Chair",Furniture,West,1,389,389,190,199
ORD-10099,2025-02-05,"Apex Retail","Acoustic Privacy Panel",Furniture,Central,2,134,268,120,148
ORD-10100,2024-09-25,"Prime Dynamics","Universal Laptop Stand",Accessories,East,5,48,240,80,160
ORD-10101,2024-04-15,"BluePeak Software","Smart Wireless Router",Electronics,South,2,166,332,150,182
ORD-10102,2024-03-13,"Beacon Partners","1080p Studio Webcam",Accessories,West,1,89,89,38,51
ORD-10103,2024-05-20,"Crestview Solutions","1080p Studio Webcam",Accessories,East,1,99,99,38,61
ORD-10104,2024-09-09,"Beacon Partners","Thunderbolt 4 Docking Hub",Accessories,North,2,197,394,190,204
ORD-10105,2024-09-03,"Atlas Energy","Ergonomic Executive Chair",Furniture,East,5,389,1945,950,995
ORD-10106,2024-09-10,"Vanguard Industrial","Ergonomic Vertical Mouse",Accessories,Central,2,69,138,48,90
ORD-10107,2024-05-16,"Horizon Technologies","UltraBook Pro 15",Electronics,West,4,1234,4936,3400,1536
ORD-10108,2024-05-15,"Stellar Media","LaserJet High-Speed Printer",Office Supplies,East,2,499,998,560,438
ORD-10109,2025-06-30,"Global Logistics","Acoustic Privacy Panel",Furniture,South,1,149,149,60,89
ORD-10110,2025-02-26,"Lumina Systems","Heavy-Duty Paper Shredder",Office Supplies,East,5,155,775,325,450
ORD-10111,2025-02-11,"Cascade Ventures","Heavy-Duty Paper Shredder",Office Supplies,South,2,155,310,130,180
ORD-10112,2024-08-19,"Horizon Technologies","Universal Laptop Stand",Accessories,North,2,49,98,32,66
ORD-10113,2024-11-18,"Horizon Technologies","Mechanical Backlit Keyboard",Accessories,North,2,119,238,96,142
ORD-10114,2024-09-30,"Acme Corp","Locking Storage Credenza",Furniture,Central,1,397,397,210,187
ORD-10115,2025-12-04,"BluePeak Software","Noise-Cancelling Headphones",Electronics,South,2,249,498,220,278
ORD-10116,2025-05-19,"Vanguard Industrial","Smart Wireless Router",Electronics,East,2,179,358,150,208
ORD-10117,2025-02-05,"Horizon Technologies","Universal Laptop Stand",Accessories,East,4,47,188,64,124
ORD-10118,2025-03-22,"Apex Retail","Universal Laptop Stand",Accessories,North,1,45,45,16,29
ORD-10119,2024-06-27,"Nexus Enterprises","1080p Studio Webcam",Accessories,East,1,92,92,38,54
ORD-10120,2025-12-29,"Summit Financial","Universal Laptop Stand",Accessories,East,6,49,294,96,198
ORD-10121,2024-05-06,"Beacon Partners","Smart Wireless Router",Electronics,South,3,175,525,225,300
ORD-10122,2024-01-13,"Summit Financial","Mechanical Backlit Keyboard",Accessories,South,1,126,126,48,78
ORD-10123,2025-04-13,"Crestview Solutions","Modular Conference Table",Furniture,South,1,1079,1079,620,459
ORD-10124,2025-02-15,"Summit Financial","UltraBook Pro 15",Electronics,East,2,1234,2468,1700,768
ORD-10125,2025-11-05,"BluePeak Software","Heavy-Duty Paper Shredder",Office Supplies,West,2,143,286,130,156
ORD-10126,2024-10-13,"Cascade Ventures","Ergonomic Executive Chair",Furniture,West,3,369,1107,570,537
ORD-10127,2025-05-27,"Pinnacle Goods","Noise-Cancelling Headphones",Electronics,North,1,249,249,110,139
ORD-10128,2025-10-09,"Vanguard Industrial","High-Yield Toner Cartridges",Office Supplies,East,2,85,170,56,114
ORD-10129,2024-05-04,"Acme Corp","Acoustic Privacy Panel",Furniture,South,6,145,870,360,510
ORD-10130,2025-01-04,"Prime Dynamics","Locking Storage Credenza",Furniture,East,1,408,408,210,198
ORD-10131,2025-08-21,"Vertex Health","Acoustic Privacy Panel",Furniture,West,1,134,134,60,74
ORD-10132,2025-10-09,"Crestview Solutions","Thunderbolt 4 Docking Hub",Accessories,East,3,203,609,285,324
ORD-10133,2025-10-11,"Global Logistics","Noise-Cancelling Headphones",Electronics,North,1,249,249,110,139
ORD-10134,2025-04-11,"Acme Corp","Noise-Cancelling Headphones",Electronics,North,2,224,448,220,228
ORD-10135,2024-12-05,"Horizon Technologies","Standing Motorized Desk",Furniture,Central,1,600,600,330,270
ORD-10136,2025-07-17,"Zenith Dynamics","Mechanical Backlit Keyboard",Accessories,West,1,129,129,48,81
ORD-10137,2024-07-10,"Atlas Energy","LaserJet High-Speed Printer",Office Supplies,West,1,474,474,280,194
ORD-10138,2025-08-19,"Vertex Health","Universal Laptop Stand",Accessories,South,1,47,47,16,31
ORD-10139,2024-02-21,"Lumina Systems","Locking Storage Credenza",Furniture,Central,1,418,418,210,208
ORD-10140,2025-03-16,"Vertex Health","High-Yield Toner Cartridges",Office Supplies,East,4,82,328,112,216
ORD-10141,2025-09-21,"Crestview Solutions","Acoustic Privacy Panel",Furniture,North,1,138,138,60,78
ORD-10142,2025-05-23,"Nexus Enterprises","4K Ultra Monitor 32""",Electronics,Central,1,508,508,320,188
ORD-10143,2025-02-28,"Vanguard Industrial","Ergonomic Executive Chair",Furniture,East,1,379,379,190,189
ORD-10144,2025-01-12,"Atlas Energy","1080p Studio Webcam",Accessories,West,1,97,97,38,59
ORD-10145,2025-02-21,"Acme Corp","Ergonomic Vertical Mouse",Accessories,West,1,69,69,24,45
ORD-10146,2024-03-25,"Pinnacle Goods","Acoustic Privacy Panel",Furniture,South,6,142,852,360,492
ORD-10147,2025-05-22,"Cascade Ventures","Noise-Cancelling Headphones",Electronics,South,2,243,486,220,266
ORD-10148,2025-03-22,"Zenith Dynamics","UltraBook Pro 15",Electronics,North,2,1202,2404,1700,704
ORD-10149,2024-03-26,"Horizon Technologies","UltraBook Pro 15",Electronics,North,2,1169,2338,1700,638
ORD-10150,2024-08-20,"Quantum Edge","Enterprise Server X1",Electronics,Central,1,2682,2682,1800,882
ORD-10151,2025-06-17,"Apex Retail","UltraBook Pro 15",Electronics,Central,4,1299,5196,3400,1796
ORD-10152,2025-01-03,"Nexus Enterprises","1080p Studio Webcam",Accessories,East,2,94,188,76,112
ORD-10153,2024-08-05,"Stellar Media","Heavy-Duty Paper Shredder",Office Supplies,North,2,159,318,130,188
ORD-10154,2025-09-12,"Quantum Edge","High-Yield Toner Cartridges",Office Supplies,North,3,87,261,84,177
ORD-10155,2024-05-23,"Cascade Ventures","Enterprise Server X1",Electronics,Central,2,2827,5654,3600,2054
ORD-10156,2025-02-07,"BluePeak Software","Thunderbolt 4 Docking Hub",Accessories,North,6,203,1218,570,648
ORD-10157,2025-10-05,"Apex Retail","Ergonomic Vertical Mouse",Accessories,East,5,67,335,120,215
ORD-10158,2024-03-20,"BluePeak Software","Modular Conference Table",Furniture,West,4,1199,4796,2480,2316
ORD-10159,2024-01-02,"Beacon Partners","Acoustic Privacy Panel",Furniture,West,1,145,145,60,85
ORD-10160,2025-06-28,"Apex Retail","Ergonomic Executive Chair",Furniture,South,1,359,359,190,169
ORD-10161,2024-04-24,"Stellar Media","Mechanical Backlit Keyboard",Accessories,South,4,116,464,192,272
ORD-10162,2025-02-11,"Nexus Enterprises","Acoustic Privacy Panel",Furniture,West,4,134,536,240,296
ORD-10163,2024-09-18,"Nexus Enterprises","Smart Wireless Router",Electronics,South,1,179,179,75,104
ORD-10164,2024-07-06,"Vanguard Industrial","4K Ultra Monitor 32""",Electronics,North,2,522,1044,640,404
ORD-10165,2024-04-12,"Velocity Freight","Ergonomic Vertical Mouse",Accessories,South,1,67,67,24,43
ORD-10166,2025-04-07,"Atlas Energy","Modular Conference Table",Furniture,South,1,1079,1079,620,459
ORD-10167,2024-08-27,"Apex Retail","Locking Storage Credenza",Furniture,East,2,386,772,420,352
ORD-10168,2025-04-29,"Apex Retail","Smart Wireless Router",Electronics,North,6,170,1020,450,570
ORD-10169,2024-12-24,"Apex Retail","Mechanical Backlit Keyboard",Accessories,South,2,116,232,96,136
ORD-10170,2024-07-28,"Beacon Partners","High-Yield Toner Cartridges",Office Supplies,North,18,89,1602,504,1098
ORD-10171,2024-02-05,"Acme Corp","1080p Studio Webcam",Accessories,South,2,97,194,76,118
ORD-10172,2025-09-08,"Quantum Edge","Ergonomic Executive Chair",Furniture,South,2,379,758,380,378
ORD-10173,2024-02-05,"Stellar Media","Locking Storage Credenza",Furniture,Central,3,386,1158,630,528
ORD-10174,2024-05-30,"Summit Financial","High-Yield Toner Cartridges",Office Supplies,West,1,80,80,28,52
ORD-10175,2025-03-23,"Crestview Solutions","Thunderbolt 4 Docking Hub",Accessories,North,11,219,2409,1045,1364
ORD-10176,2025-01-20,"Summit Financial","Enterprise Server X1",Electronics,Central,13,2827,36751,23400,13351
ORD-10177,2024-02-11,"Summit Financial","Ergonomic Executive Chair",Furniture,North,4,359,1436,760,676
ORD-10178,2025-06-04,"Prime Dynamics","Ergonomic Executive Chair",Furniture,West,1,399,399,190,209
ORD-10179,2025-04-15,"Pinnacle Goods","Smart Wireless Router",Electronics,Central,2,179,358,150,208
ORD-10180,2025-01-11,"BluePeak Software","1080p Studio Webcam",Accessories,West,2,97,194,76,118
ORD-10181,2024-02-15,"Pinnacle Goods","High-Yield Toner Cartridges",Office Supplies,Central,1,80,80,28,52
ORD-10182,2024-08-19,"Quantum Edge","Thunderbolt 4 Docking Hub",Accessories,Central,6,214,1284,570,714
ORD-10183,2024-12-31,"Beacon Partners","Smart Wireless Router",Electronics,North,1,179,179,75,104
ORD-10184,2025-02-21,"Acme Corp","Ergonomic Vertical Mouse",Accessories,West,5,62,310,120,190
ORD-10185,2024-11-29,"Velocity Freight","1080p Studio Webcam",Accessories,West,1,89,89,38,51
ORD-10186,2025-11-06,"Beacon Partners","Standing Motorized Desk",Furniture,East,2,649,1298,660,638
ORD-10187,2024-05-01,"Acme Corp","Locking Storage Credenza",Furniture,Central,19,397,7543,3990,3553
ORD-10188,2025-12-18,"Velocity Freight","Ergonomic Executive Chair",Furniture,South,2,369,738,380,358
ORD-10189,2025-06-03,"Prime Dynamics","Enterprise Server X1",Electronics,East,1,2754,2754,1800,954
ORD-10190,2025-07-05,"Quantum Edge","1080p Studio Webcam",Accessories,East,1,94,94,38,56
ORD-10191,2025-08-16,"Vertex Health","1080p Studio Webcam",Accessories,West,4,94,376,152,224
ORD-10192,2025-07-18,"Acme Corp","Standing Motorized Desk",Furniture,South,2,584,1168,660,508
ORD-10193,2024-07-09,"Vertex Health","Thunderbolt 4 Docking Hub",Accessories,East,2,197,394,190,204
ORD-10194,2025-09-22,"Acme Corp","Heavy-Duty Paper Shredder",Office Supplies,Central,12,151,1812,780,1032
ORD-10195,2024-01-21,"Vertex Health","Noise-Cancelling Headphones",Electronics,West,4,243,972,440,532
ORD-10196,2025-03-11,"Lumina Systems","Smart Wireless Router",Electronics,Central,3,179,537,225,312
ORD-10197,2024-02-08,"Acme Corp","LaserJet High-Speed Printer",Office Supplies,East,2,487,974,560,414
ORD-10198,2024-10-11,"Lumina Systems","Smart Wireless Router",Electronics,East,2,166,332,150,182
ORD-10199,2025-05-11,"Crestview Solutions","Universal Laptop Stand",Accessories,South,1,45,45,16,29
ORD-10200,2024-08-01,"Vertex Health","Modular Conference Table",Furniture,East,2,1199,2398,1240,1158
ORD-10201,2025-07-20,"Nexus Enterprises","Heavy-Duty Paper Shredder",Office Supplies,Central,2,143,286,130,156
ORD-10202,2024-11-08,"Vertex Health","Universal Laptop Stand",Accessories,West,2,44,88,32,56
ORD-10203,2025-01-01,"Pinnacle Goods","Smart Wireless Router",Electronics,Central,3,166,498,225,273
ORD-10204,2024-03-19,"Apex Retail","Standing Motorized Desk",Furniture,West,1,584,584,330,254
ORD-10205,2025-07-06,"Prime Dynamics","4K Ultra Monitor 32""",Electronics,South,1,522,522,320,202
ORD-10206,2025-03-13,"Cascade Ventures","Thunderbolt 4 Docking Hub",Accessories,West,2,219,438,190,248
ORD-10207,2024-08-03,"Quantum Edge","Noise-Cancelling Headphones",Electronics,East,1,237,237,110,127
ORD-10208,2025-03-02,"Zenith Dynamics","Acoustic Privacy Panel",Furniture,West,2,142,284,120,164
ORD-10209,2024-12-30,"Vertex Health","4K Ultra Monitor 32""",Electronics,West,4,494,1976,1280,696
ORD-10210,2024-07-08,"Quantum Edge","UltraBook Pro 15",Electronics,West,3,1202,3606,2550,1056
ORD-10211,2025-08-24,"Atlas Energy","Mechanical Backlit Keyboard",Accessories,Central,1,119,119,48,71
ORD-10212,2024-03-28,"Lumina Systems","Smart Wireless Router",Electronics,West,3,170,510,225,285
ORD-10213,2025-10-29,"BluePeak Software","Thunderbolt 4 Docking Hub",Accessories,North,3,203,609,285,324
ORD-10214,2024-10-16,"BluePeak Software","Enterprise Server X1",Electronics,Central,2,2609,5218,3600,1618
ORD-10215,2024-10-01,"Nexus Enterprises","Thunderbolt 4 Docking Hub",Accessories,Central,19,208,3952,1805,2147
ORD-10216,2024-05-12,"Prime Dynamics","Locking Storage Credenza",Furniture,South,5,386,1930,1050,880
ORD-10217,2024-06-07,"Velocity Freight","Smart Wireless Router",Electronics,West,6,175,1050,450,600
ORD-10218,2024-05-15,"Cascade Ventures","1080p Studio Webcam",Accessories,North,2,89,178,76,102
ORD-10219,2025-12-08,"Acme Corp","Enterprise Server X1",Electronics,East,1,2754,2754,1800,954
ORD-10220,2024-05-27,"Lumina Systems","Noise-Cancelling Headphones",Electronics,Central,2,224,448,220,228
ORD-10221,2024-12-05,"Horizon Technologies","Acoustic Privacy Panel",Furniture,North,1,142,142,60,82
ORD-10222,2024-05-28,"Quantum Edge","Ergonomic Executive Chair",Furniture,West,2,389,778,380,398
ORD-10223,2024-07-13,"Summit Financial","Ergonomic Vertical Mouse",Accessories,West,3,69,207,72,135
ORD-10224,2024-04-06,"Cascade Ventures","Ergonomic Executive Chair",Furniture,Central,4,389,1556,760,796
ORD-10225,2025-08-02,"Global Logistics","Noise-Cancelling Headphones",Electronics,East,2,237,474,220,254
ORD-10226,2024-08-28,"Apex Retail","1080p Studio Webcam",Accessories,West,1,97,97,38,59
ORD-10227,2024-03-14,"Stellar Media","Modular Conference Table",Furniture,South,4,1169,4676,2480,2196
ORD-10228,2025-04-27,"Prime Dynamics","LaserJet High-Speed Printer",Office Supplies,North,12,462,5544,3360,2184
ORD-10229,2024-08-11,"Apex Retail","Heavy-Duty Paper Shredder",Office Supplies,South,2,155,310,130,180
ORD-10230,2024-07-30,"Crestview Solutions","High-Yield Toner Cartridges",Office Supplies,East,2,85,170,56,114
ORD-10231,2025-06-09,"Summit Financial","Acoustic Privacy Panel",Furniture,South,6,134,804,360,444
ORD-10232,2024-03-24,"Nexus Enterprises","Thunderbolt 4 Docking Hub",Accessories,Central,2,197,394,190,204
ORD-10233,2025-03-24,"Vanguard Industrial","UltraBook Pro 15",Electronics,South,2,1234,2468,1700,768
ORD-10234,2025-10-09,"Apex Retail","Ergonomic Vertical Mouse",Accessories,North,4,69,276,96,180
ORD-10235,2025-05-03,"Velocity Freight","Modular Conference Table",Furniture,Central,1,1079,1079,620,459
ORD-10236,2025-12-25,"Pinnacle Goods","Standing Motorized Desk",Furniture,East,1,617,617,330,287
ORD-10237,2024-02-29,"Vanguard Industrial","Ergonomic Executive Chair",Furniture,North,2,399,798,380,418
ORD-10238,2025-10-10,"Summit Financial","4K Ultra Monitor 32""",Electronics,Central,2,508,1016,640,376
ORD-10239,2024-09-07,"Crestview Solutions","LaserJet High-Speed Printer",Office Supplies,North,1,499,499,280,219
ORD-10240,2024-06-07,"Crestview Solutions","Noise-Cancelling Headphones",Electronics,West,4,224,896,440,456
ORD-10241,2025-05-18,"Stellar Media","4K Ultra Monitor 32""",Electronics,Central,1,508,508,320,188
ORD-10242,2025-02-26,"BluePeak Software","Heavy-Duty Paper Shredder",Office Supplies,Central,1,147,147,65,82
ORD-10243,2024-06-03,"Pinnacle Goods","Enterprise Server X1",Electronics,East,2,2827,5654,3600,2054
ORD-10244,2025-12-22,"Prime Dynamics","Ergonomic Executive Chair",Furniture,West,2,399,798,380,418
ORD-10245,2025-03-26,"Acme Corp","Locking Storage Credenza",Furniture,North,1,397,397,210,187
ORD-10246,2025-12-15,"Global Logistics","UltraBook Pro 15",Electronics,East,1,1234,1234,850,384
ORD-10247,2025-05-27,"Nexus Enterprises","Acoustic Privacy Panel",Furniture,East,2,138,276,120,156
ORD-10248,2024-10-01,"Acme Corp","UltraBook Pro 15",Electronics,South,2,1267,2534,1700,834
ORD-10249,2024-11-18,"Cascade Ventures","UltraBook Pro 15",Electronics,East,2,1299,2598,1700,898
ORD-10250,2025-06-28,"Atlas Energy","Locking Storage Credenza",Furniture,Central,1,408,408,210,198
ORD-10251,2025-07-16,"Atlas Energy","Enterprise Server X1",Electronics,East,2,2754,5508,3600,1908
ORD-10252,2025-01-08,"Nexus Enterprises","Thunderbolt 4 Docking Hub",Accessories,West,3,219,657,285,372
ORD-10253,2024-01-30,"Crestview Solutions","Acoustic Privacy Panel",Furniture,North,1,142,142,60,82
ORD-10254,2025-06-09,"Stellar Media","Heavy-Duty Paper Shredder",Office Supplies,Central,1,143,143,65,78
ORD-10255,2024-03-20,"Acme Corp","Locking Storage Credenza",Furniture,West,2,408,816,420,396
ORD-10256,2024-12-27,"Quantum Edge","4K Ultra Monitor 32""",Electronics,Central,6,535,3210,1920,1290
ORD-10257,2024-04-11,"Horizon Technologies","Heavy-Duty Paper Shredder",Office Supplies,Central,1,147,147,65,82
ORD-10258,2024-04-17,"Cascade Ventures","Thunderbolt 4 Docking Hub",Accessories,West,5,214,1070,475,595
ORD-10259,2024-01-25,"Atlas Energy","LaserJet High-Speed Printer",Office Supplies,North,2,487,974,560,414
ORD-10260,2025-11-18,"Crestview Solutions","Universal Laptop Stand",Accessories,Central,2,45,90,32,58
ORD-10261,2025-01-31,"Global Logistics","Thunderbolt 4 Docking Hub",Accessories,South,2,219,438,190,248
ORD-10262,2025-02-18,"Quantum Edge","LaserJet High-Speed Printer",Office Supplies,West,3,449,1347,840,507
ORD-10263,2024-02-08,"Prime Dynamics","LaserJet High-Speed Printer",Office Supplies,West,1,449,449,280,169
ORD-10264,2024-06-06,"Horizon Technologies","Acoustic Privacy Panel",Furniture,West,2,149,298,120,178
ORD-10265,2024-01-14,"Vanguard Industrial","Noise-Cancelling Headphones",Electronics,West,1,243,243,110,133
ORD-10266,2024-10-04,"Stellar Media","Ergonomic Executive Chair",Furniture,Central,1,399,399,190,209
ORD-10267,2024-02-28,"Lumina Systems","Acoustic Privacy Panel",Furniture,West,1,149,149,60,89
ORD-10268,2024-08-05,"Cascade Ventures","Noise-Cancelling Headphones",Electronics,Central,2,243,486,220,266
ORD-10269,2025-09-08,"Prime Dynamics","Enterprise Server X1",Electronics,Central,2,2827,5654,3600,2054
ORD-10270,2024-02-09,"Quantum Edge","1080p Studio Webcam",Accessories,North,6,99,594,228,366
ORD-10271,2024-08-25,"Pinnacle Goods","Acoustic Privacy Panel",Furniture,North,1,134,134,60,74
ORD-10272,2024-09-22,"Beacon Partners","1080p Studio Webcam",Accessories,North,2,94,188,76,112
ORD-10273,2024-02-08,"Lumina Systems","LaserJet High-Speed Printer",Office Supplies,North,3,449,1347,840,507
ORD-10274,2024-01-14,"Lumina Systems","Enterprise Server X1",Electronics,West,6,2899,17394,10800,6594
ORD-10275,2025-09-12,"Pinnacle Goods","High-Yield Toner Cartridges",Office Supplies,Central,6,87,522,168,354
ORD-10276,2025-12-24,"Global Logistics","Locking Storage Credenza",Furniture,East,3,408,1224,630,594
ORD-10277,2024-07-31,"Horizon Technologies","1080p Studio Webcam",Accessories,North,2,94,188,76,112
ORD-10278,2024-06-13,"Vanguard Industrial","4K Ultra Monitor 32""",Electronics,Central,4,494,1976,1280,696
ORD-10279,2025-07-31,"Lumina Systems","High-Yield Toner Cartridges",Office Supplies,North,5,80,400,140,260
ORD-10280,2024-02-16,"Acme Corp","Mechanical Backlit Keyboard",Accessories,East,1,123,123,48,75
ORD-10281,2024-10-21,"Quantum Edge","Locking Storage Credenza",Furniture,North,2,429,858,420,438
ORD-10282,2024-09-25,"Zenith Dynamics","Ergonomic Vertical Mouse",Accessories,Central,4,64,256,96,160
ORD-10283,2024-06-30,"Beacon Partners","Ergonomic Vertical Mouse",Accessories,West,3,64,192,72,120
ORD-10284,2024-08-07,"Vertex Health","Acoustic Privacy Panel",Furniture,East,2,134,268,120,148
ORD-10285,2025-04-07,"Atlas Energy","Thunderbolt 4 Docking Hub",Accessories,West,6,214,1284,570,714
ORD-10286,2025-07-11,"Stellar Media","High-Yield Toner Cartridges",Office Supplies,West,1,80,80,28,52
ORD-10287,2025-08-31,"Prime Dynamics","UltraBook Pro 15",Electronics,Central,1,1299,1299,850,449
ORD-10288,2025-01-07,"Vanguard Industrial","Thunderbolt 4 Docking Hub",Accessories,West,4,219,876,380,496
ORD-10289,2025-01-20,"Nexus Enterprises","Standing Motorized Desk",Furniture,South,2,633,1266,660,606
ORD-10290,2025-11-03,"Acme Corp","Enterprise Server X1",Electronics,South,1,2682,2682,1800,882
ORD-10291,2025-10-26,"Atlas Energy","High-Yield Toner Cartridges",Office Supplies,East,1,87,87,28,59
ORD-10292,2024-11-29,"Horizon Technologies","1080p Studio Webcam",Accessories,East,5,92,460,190,270
ORD-10293,2024-12-16,"Velocity Freight","Locking Storage Credenza",Furniture,West,2,397,794,420,374
ORD-10294,2025-07-04,"Apex Retail","Noise-Cancelling Headphones",Electronics,North,1,224,224,110,114
ORD-10295,2024-12-06,"Pinnacle Goods","Noise-Cancelling Headphones",Electronics,North,1,224,224,110,114
ORD-10296,2024-11-05,"Vertex Health","Standing Motorized Desk",Furniture,West,17,584,9928,5610,4318
ORD-10297,2025-11-29,"Beacon Partners","Ergonomic Executive Chair",Furniture,West,1,379,379,190,189
ORD-10298,2024-12-11,"Quantum Edge","1080p Studio Webcam",Accessories,North,1,99,99,38,61
ORD-10299,2025-05-04,"Global Logistics","Standing Motorized Desk",Furniture,East,2,649,1298,660,638
ORD-10300,2024-11-14,"Zenith Dynamics","Universal Laptop Stand",Accessories,Central,4,48,192,64,128
ORD-10301,2024-10-15,"Atlas Energy","Ergonomic Executive Chair",Furniture,West,1,359,359,190,169
ORD-10302,2024-04-11,"Vertex Health","LaserJet High-Speed Printer",Office Supplies,North,1,474,474,280,194
ORD-10303,2024-03-18,"Cascade Ventures","Noise-Cancelling Headphones",Electronics,West,1,249,249,110,139
ORD-10304,2024-04-18,"Vertex Health","Enterprise Server X1",Electronics,South,2,2754,5508,3600,1908
ORD-10305,2025-06-24,"Atlas Energy","Thunderbolt 4 Docking Hub",Accessories,North,1,197,197,95,102
ORD-10306,2025-10-06,"Summit Financial","Heavy-Duty Paper Shredder",Office Supplies,Central,2,143,286,130,156
ORD-10307,2025-04-17,"Global Logistics","4K Ultra Monitor 32""",Electronics,North,1,522,522,320,202
ORD-10308,2024-10-17,"Zenith Dynamics","Noise-Cancelling Headphones",Electronics,East,1,249,249,110,139
ORD-10309,2025-05-17,"BluePeak Software","LaserJet High-Speed Printer",Office Supplies,West,4,474,1896,1120,776
ORD-10310,2025-08-15,"Cascade Ventures","High-Yield Toner Cartridges",Office Supplies,North,4,89,356,112,244
ORD-10311,2024-01-20,"Global Logistics","Standing Motorized Desk",Furniture,South,1,649,649,330,319
ORD-10312,2024-11-13,"Global Logistics","High-Yield Toner Cartridges",Office Supplies,Central,1,80,80,28,52
ORD-10313,2025-02-11,"BluePeak Software","Smart Wireless Router",Electronics,North,1,179,179,75,104
ORD-10314,2025-01-27,"Velocity Freight","Modular Conference Table",Furniture,East,1,1079,1079,620,459
ORD-10315,2024-01-31,"Velocity Freight","Thunderbolt 4 Docking Hub",Accessories,South,8,219,1752,760,992
ORD-10316,2025-08-07,"Velocity Freight","Universal Laptop Stand",Accessories,Central,1,47,47,16,31
ORD-10317,2025-09-15,"Vanguard Industrial","4K Ultra Monitor 32""",Electronics,Central,1,549,549,320,229
ORD-10318,2024-11-03,"Vertex Health","Noise-Cancelling Headphones",Electronics,Central,1,230,230,110,120
ORD-10319,2024-11-30,"Beacon Partners","Ergonomic Vertical Mouse",Accessories,East,1,69,69,24,45
ORD-10320,2025-10-11,"Stellar Media","LaserJet High-Speed Printer",Office Supplies,East,1,499,499,280,219
ORD-10321,2024-12-26,"Apex Retail","Standing Motorized Desk",Furniture,East,15,649,9735,4950,4785
ORD-10322,2024-11-22,"Zenith Dynamics","Modular Conference Table",Furniture,Central,3,1079,3237,1860,1377
ORD-10323,2025-02-15,"Summit Financial","High-Yield Toner Cartridges",Office Supplies,Central,2,85,170,56,114
ORD-10324,2024-05-08,"Lumina Systems","Acoustic Privacy Panel",Furniture,South,1,138,138,60,78
ORD-10325,2025-05-13,"Pinnacle Goods","Universal Laptop Stand",Accessories,North,1,45,45,16,29
ORD-10326,2025-07-30,"Vanguard Industrial","Noise-Cancelling Headphones",Electronics,East,6,243,1458,660,798
ORD-10327,2024-10-06,"Global Logistics","Modular Conference Table",Furniture,Central,1,1109,1109,620,489
ORD-10328,2024-03-03,"Pinnacle Goods","Ergonomic Executive Chair",Furniture,West,2,379,758,380,378
ORD-10329,2024-12-21,"Horizon Technologies","Enterprise Server X1",Electronics,Central,2,2827,5654,3600,2054
ORD-10330,2024-01-24,"BluePeak Software","Enterprise Server X1",Electronics,East,2,2899,5798,3600,2198
ORD-10331,2025-02-17,"Stellar Media","Ergonomic Executive Chair",Furniture,Central,2,389,778,380,398
ORD-10332,2025-02-19,"Lumina Systems","Standing Motorized Desk",Furniture,North,1,600,600,330,270
ORD-10333,2024-01-30,"Cascade Ventures","Standing Motorized Desk",Furniture,West,2,617,1234,660,574
ORD-10334,2024-02-04,"Stellar Media","1080p Studio Webcam",Accessories,East,1,89,89,38,51
ORD-10335,2025-11-27,"Acme Corp","Thunderbolt 4 Docking Hub",Accessories,North,2,219,438,190,248
ORD-10336,2024-08-23,"Apex Retail","4K Ultra Monitor 32""",Electronics,West,2,549,1098,640,458
ORD-10337,2024-11-16,"Summit Financial","Enterprise Server X1",Electronics,South,2,2827,5654,3600,2054
ORD-10338,2025-02-14,"Acme Corp","Locking Storage Credenza",Furniture,West,5,408,2040,1050,990
ORD-10339,2025-08-05,"Horizon Technologies","Acoustic Privacy Panel",Furniture,South,2,134,268,120,148
ORD-10340,2025-04-29,"Horizon Technologies","Heavy-Duty Paper Shredder",Office Supplies,East,4,155,620,260,360
ORD-10341,2024-08-10,"Vertex Health","Ergonomic Executive Chair",Furniture,Central,3,399,1197,570,627
ORD-10342,2024-10-06,"Vertex Health","4K Ultra Monitor 32""",Electronics,East,5,535,2675,1600,1075
ORD-10343,2025-04-09,"Apex Retail","High-Yield Toner Cartridges",Office Supplies,West,5,82,410,140,270
ORD-10344,2024-03-14,"Atlas Energy","Enterprise Server X1",Electronics,East,1,2827,2827,1800,1027
ORD-10345,2025-12-24,"Apex Retail","4K Ultra Monitor 32""",Electronics,North,4,494,1976,1280,696
ORD-10346,2024-07-19,"Stellar Media","Thunderbolt 4 Docking Hub",Accessories,North,2,197,394,190,204
ORD-10347,2025-09-23,"Vertex Health","Ergonomic Vertical Mouse",Accessories,East,1,66,66,24,42
ORD-10348,2025-02-01,"Atlas Energy","Modular Conference Table",Furniture,Central,2,1199,2398,1240,1158
ORD-10349,2024-12-24,"Vertex Health","Ergonomic Executive Chair",Furniture,East,1,389,389,190,199
ORD-10350,2025-01-13,"Prime Dynamics","Smart Wireless Router",Electronics,West,15,175,2625,1125,1500
ORD-10351,2025-11-27,"Acme Corp","Ergonomic Vertical Mouse",Accessories,North,4,62,248,96,152
ORD-10352,2024-05-31,"Nexus Enterprises","Mechanical Backlit Keyboard",Accessories,Central,1,129,129,48,81
ORD-10353,2025-12-10,"Nexus Enterprises","Acoustic Privacy Panel",Furniture,South,3,134,402,180,222
ORD-10354,2024-04-13,"Velocity Freight","Noise-Cancelling Headphones",Electronics,East,4,237,948,440,508
ORD-10355,2024-09-03,"Zenith Dynamics","Standing Motorized Desk",Furniture,North,2,633,1266,660,606
ORD-10356,2024-04-19,"Crestview Solutions","Modular Conference Table",Furniture,Central,2,1079,2158,1240,918
ORD-10357,2024-01-16,"Horizon Technologies","Locking Storage Credenza",Furniture,North,3,408,1224,630,594
ORD-10358,2025-08-04,"Global Logistics","Thunderbolt 4 Docking Hub",Accessories,Central,5,208,1040,475,565
ORD-10359,2025-12-01,"BluePeak Software","1080p Studio Webcam",Accessories,West,2,94,188,76,112
ORD-10360,2025-01-04,"Cascade Ventures","Mechanical Backlit Keyboard",Accessories,East,1,116,116,48,68
ORD-10361,2025-01-04,"Vanguard Industrial","4K Ultra Monitor 32""",Electronics,East,5,508,2540,1600,940
ORD-10362,2024-08-26,"Crestview Solutions","1080p Studio Webcam",Accessories,South,3,94,282,114,168
ORD-10363,2025-01-14,"Global Logistics","Thunderbolt 4 Docking Hub",Accessories,North,1,197,197,95,102
ORD-10364,2024-10-03,"Beacon Partners","Standing Motorized Desk",Furniture,West,3,649,1947,990,957
ORD-10365,2024-04-28,"Horizon Technologies","Ergonomic Executive Chair",Furniture,Central,2,369,738,380,358
ORD-10366,2025-12-11,"Lumina Systems","High-Yield Toner Cartridges",Office Supplies,South,1,80,80,28,52
ORD-10367,2024-08-31,"Nexus Enterprises","4K Ultra Monitor 32""",Electronics,South,4,535,2140,1280,860
ORD-10368,2024-10-06,"Horizon Technologies","UltraBook Pro 15",Electronics,South,6,1299,7794,5100,2694
ORD-10369,2025-07-28,"BluePeak Software","Enterprise Server X1",Electronics,East,16,2827,45232,28800,16432
ORD-10370,2024-07-27,"Quantum Edge","LaserJet High-Speed Printer",Office Supplies,South,6,487,2922,1680,1242
ORD-10371,2025-10-23,"Pinnacle Goods","UltraBook Pro 15",Electronics,East,2,1202,2404,1700,704
ORD-10372,2025-10-01,"Summit Financial","UltraBook Pro 15",Electronics,South,1,1202,1202,850,352
ORD-10373,2024-04-20,"Acme Corp","LaserJet High-Speed Printer",Office Supplies,West,1,499,499,280,219
ORD-10374,2025-04-21,"Lumina Systems","4K Ultra Monitor 32""",Electronics,North,1,535,535,320,215
ORD-10375,2024-04-25,"Apex Retail","Acoustic Privacy Panel",Furniture,West,3,149,447,180,267
ORD-10376,2025-09-10,"Velocity Freight","Universal Laptop Stand",Accessories,South,5,45,225,80,145
ORD-10377,2025-01-24,"Quantum Edge","Modular Conference Table",Furniture,East,19,1079,20501,11780,8721
ORD-10378,2025-02-03,"Pinnacle Goods","Ergonomic Executive Chair",Furniture,East,10,379,3790,1900,1890
ORD-10379,2024-08-01,"BluePeak Software","Heavy-Duty Paper Shredder",Office Supplies,North,5,147,735,325,410
ORD-10380,2024-12-08,"Atlas Energy","High-Yield Toner Cartridges",Office Supplies,North,1,87,87,28,59
ORD-10381,2025-12-03,"Cascade Ventures","Acoustic Privacy Panel",Furniture,Central,2,138,276,120,156
ORD-10382,2024-10-20,"Global Logistics","Ergonomic Vertical Mouse",Accessories,Central,1,67,67,24,43
ORD-10383,2024-09-29,"Global Logistics","Mechanical Backlit Keyboard",Accessories,South,2,119,238,96,142
ORD-10384,2024-08-22,"Global Logistics","Mechanical Backlit Keyboard",Accessories,West,1,119,119,48,71
ORD-10385,2024-03-08,"Zenith Dynamics","Universal Laptop Stand",Accessories,Central,2,48,96,32,64
ORD-10386,2024-04-30,"Quantum Edge","Ergonomic Vertical Mouse",Accessories,West,2,64,128,48,80
ORD-10387,2025-01-26,"Prime Dynamics","Ergonomic Executive Chair",Furniture,West,1,379,379,190,189
ORD-10388,2024-07-23,"Summit Financial","Ergonomic Executive Chair",Furniture,East,5,379,1895,950,945
ORD-10389,2025-07-07,"Prime Dynamics","Acoustic Privacy Panel",Furniture,East,2,145,290,120,170
ORD-10390,2025-01-20,"Apex Retail","Thunderbolt 4 Docking Hub",Accessories,Central,2,203,406,190,216
ORD-10391,2025-10-04,"Pinnacle Goods","Heavy-Duty Paper Shredder",Office Supplies,South,2,159,318,130,188
ORD-10392,2024-02-24,"Acme Corp","Thunderbolt 4 Docking Hub",Accessories,South,1,208,208,95,113
ORD-10393,2024-06-04,"Cascade Ventures","Standing Motorized Desk",Furniture,North,1,600,600,330,270
ORD-10394,2025-08-16,"Summit Financial","Universal Laptop Stand",Accessories,East,2,45,90,32,58
ORD-10395,2024-01-19,"Cascade Ventures","Thunderbolt 4 Docking Hub",Accessories,North,1,219,219,95,124
ORD-10396,2025-01-03,"Stellar Media","Mechanical Backlit Keyboard",Accessories,East,1,116,116,48,68
ORD-10397,2025-12-26,"Stellar Media","Noise-Cancelling Headphones",Electronics,East,5,237,1185,550,635
ORD-10398,2025-01-20,"Pinnacle Goods","Ergonomic Executive Chair",Furniture,Central,3,389,1167,570,597
ORD-10399,2024-08-24,"Crestview Solutions","Universal Laptop Stand",Accessories,West,2,47,94,32,62
ORD-10400,2024-09-05,"Lumina Systems","Enterprise Server X1",Electronics,South,5,2827,14135,9000,5135
ORD-10401,2025-01-01,"Velocity Freight","4K Ultra Monitor 32""",Electronics,East,1,522,522,320,202
ORD-10402,2025-03-01,"Vanguard Industrial","1080p Studio Webcam",Accessories,Central,19,94,1786,722,1064
ORD-10403,2025-07-12,"Horizon Technologies","Heavy-Duty Paper Shredder",Office Supplies,South,2,159,318,130,188
ORD-10404,2025-09-21,"Beacon Partners","Modular Conference Table",Furniture,North,2,1199,2398,1240,1158
ORD-10405,2024-05-28,"Vanguard Industrial","Acoustic Privacy Panel",Furniture,Central,1,138,138,60,78
ORD-10406,2024-05-19,"Summit Financial","1080p Studio Webcam",Accessories,Central,1,94,94,38,56
ORD-10407,2025-01-19,"BluePeak Software","Thunderbolt 4 Docking Hub",Accessories,South,1,197,197,95,102
ORD-10408,2024-03-12,"Pinnacle Goods","LaserJet High-Speed Printer",Office Supplies,East,18,449,8082,5040,3042
ORD-10409,2025-01-20,"Stellar Media","Heavy-Duty Paper Shredder",Office Supplies,West,4,143,572,260,312
ORD-10410,2024-10-26,"Quantum Edge","Acoustic Privacy Panel",Furniture,North,2,138,276,120,156
ORD-10411,2024-05-14,"Atlas Energy","4K Ultra Monitor 32""",Electronics,West,1,549,549,320,229
ORD-10412,2025-05-23,"Apex Retail","1080p Studio Webcam",Accessories,West,2,92,184,76,108
ORD-10413,2024-11-10,"Nexus Enterprises","4K Ultra Monitor 32""",Electronics,West,4,535,2140,1280,860
ORD-10414,2024-10-04,"Beacon Partners","Noise-Cancelling Headphones",Electronics,South,1,243,243,110,133
ORD-10415,2025-03-24,"Zenith Dynamics","Acoustic Privacy Panel",Furniture,North,1,145,145,60,85
ORD-10416,2025-01-03,"Lumina Systems","Thunderbolt 4 Docking Hub",Accessories,East,1,219,219,95,124
ORD-10417,2025-03-13,"Quantum Edge","Modular Conference Table",Furniture,East,1,1169,1169,620,549
ORD-10418,2024-05-23,"Beacon Partners","Ergonomic Executive Chair",Furniture,South,2,389,778,380,398
ORD-10419,2025-02-03,"Vanguard Industrial","Acoustic Privacy Panel",Furniture,West,4,142,568,240,328
ORD-10420,2025-07-10,"Acme Corp","1080p Studio Webcam",Accessories,North,2,99,198,76,122
ORD-10421,2024-09-18,"Acme Corp","Standing Motorized Desk",Furniture,West,1,600,600,330,270
ORD-10422,2024-12-14,"Crestview Solutions","1080p Studio Webcam",Accessories,South,5,94,470,190,280
ORD-10423,2025-07-26,"Vertex Health","Locking Storage Credenza",Furniture,Central,2,397,794,420,374
ORD-10424,2024-01-15,"Nexus Enterprises","Acoustic Privacy Panel",Furniture,Central,2,142,284,120,164
ORD-10425,2024-06-03,"BluePeak Software","Noise-Cancelling Headphones",Electronics,North,1,243,243,110,133
ORD-10426,2025-02-28,"Global Logistics","Smart Wireless Router",Electronics,Central,1,166,166,75,91
ORD-10427,2024-03-09,"Pinnacle Goods","High-Yield Toner Cartridges",Office Supplies,North,18,85,1530,504,1026
ORD-10428,2025-04-29,"BluePeak Software","Universal Laptop Stand",Accessories,North,2,45,90,32,58
ORD-10429,2024-02-23,"Nexus Enterprises","Thunderbolt 4 Docking Hub",Accessories,North,1,208,208,95,113
ORD-10430,2024-12-29,"Beacon Partners","Ergonomic Vertical Mouse",Accessories,Central,1,64,64,24,40
ORD-10431,2025-07-03,"Beacon Partners","Modular Conference Table",Furniture,North,1,1139,1139,620,519
ORD-10432,2024-05-04,"Global Logistics","Modular Conference Table",Furniture,North,4,1139,4556,2480,2076
ORD-10433,2024-04-20,"Lumina Systems","Heavy-Duty Paper Shredder",Office Supplies,South,1,143,143,65,78
ORD-10434,2024-10-16,"Apex Retail","Standing Motorized Desk",Furniture,North,2,600,1200,660,540
ORD-10435,2025-08-01,"Apex Retail","Ergonomic Vertical Mouse",Accessories,South,2,62,124,48,76
ORD-10436,2025-12-06,"Prime Dynamics","Acoustic Privacy Panel",Furniture,East,1,145,145,60,85
ORD-10437,2025-01-07,"Horizon Technologies","Ergonomic Vertical Mouse",Accessories,Central,1,69,69,24,45
ORD-10438,2025-09-18,"Lumina Systems","Mechanical Backlit Keyboard",Accessories,North,1,119,119,48,71
ORD-10439,2025-09-23,"Crestview Solutions","Thunderbolt 4 Docking Hub",Accessories,North,3,208,624,285,339
ORD-10440,2024-01-08,"Prime Dynamics","Modular Conference Table",Furniture,East,1,1079,1079,620,459
ORD-10441,2024-07-26,"Velocity Freight","Locking Storage Credenza",Furniture,Central,2,397,794,420,374
ORD-10442,2025-07-10,"Stellar Media","1080p Studio Webcam",Accessories,North,1,94,94,38,56
ORD-10443,2025-08-15,"Velocity Freight","Standing Motorized Desk",Furniture,Central,1,600,600,330,270
ORD-10444,2025-12-18,"Lumina Systems","Mechanical Backlit Keyboard",Accessories,South,1,119,119,48,71
ORD-10445,2025-02-22,"Cascade Ventures","Acoustic Privacy Panel",Furniture,South,10,149,1490,600,890
ORD-10446,2025-08-31,"Horizon Technologies","Modular Conference Table",Furniture,Central,14,1109,15526,8680,6846
ORD-10447,2025-10-01,"BluePeak Software","Locking Storage Credenza",Furniture,South,2,397,794,420,374
ORD-10448,2024-06-06,"Global Logistics","Locking Storage Credenza",Furniture,Central,1,408,408,210,198
ORD-10449,2025-12-25,"BluePeak Software","LaserJet High-Speed Printer",Office Supplies,East,1,474,474,280,194
ORD-10450,2025-10-01,"Nexus Enterprises","High-Yield Toner Cartridges",Office Supplies,Central,9,82,738,252,486
ORD-10451,2025-03-16,"Lumina Systems","Thunderbolt 4 Docking Hub",Accessories,West,17,208,3536,1615,1921
ORD-10452,2024-05-31,"Crestview Solutions","Mechanical Backlit Keyboard",Accessories,East,2,126,252,96,156
ORD-10453,2025-10-21,"Beacon Partners","UltraBook Pro 15",Electronics,Central,1,1234,1234,850,384
ORD-10454,2025-04-24,"Velocity Freight","Locking Storage Credenza",Furniture,East,3,429,1287,630,657
ORD-10455,2024-10-10,"Crestview Solutions","Thunderbolt 4 Docking Hub",Accessories,Central,4,197,788,380,408
ORD-10456,2025-09-28,"Beacon Partners","Heavy-Duty Paper Shredder",Office Supplies,North,2,159,318,130,188
ORD-10457,2024-08-01,"Lumina Systems","Standing Motorized Desk",Furniture,South,1,584,584,330,254
ORD-10458,2024-11-30,"Crestview Solutions","Mechanical Backlit Keyboard",Accessories,West,3,129,387,144,243
ORD-10459,2025-05-25,"Nexus Enterprises","Modular Conference Table",Furniture,West,2,1139,2278,1240,1038
ORD-10460,2024-11-05,"Velocity Freight","Ergonomic Executive Chair",Furniture,North,5,389,1945,950,995
ORD-10461,2024-08-28,"Beacon Partners","Acoustic Privacy Panel",Furniture,East,1,149,149,60,89
ORD-10462,2024-08-09,"Beacon Partners","Smart Wireless Router",Electronics,West,2,170,340,150,190
ORD-10463,2025-12-08,"Vertex Health","Smart Wireless Router",Electronics,East,4,166,664,300,364
ORD-10464,2025-11-02,"Quantum Edge","Mechanical Backlit Keyboard",Accessories,West,3,123,369,144,225
ORD-10465,2025-03-12,"Lumina Systems","Enterprise Server X1",Electronics,East,5,2609,13045,9000,4045
ORD-10466,2025-09-10,"Lumina Systems","4K Ultra Monitor 32""",Electronics,Central,2,535,1070,640,430
ORD-10467,2024-04-20,"Global Logistics","Heavy-Duty Paper Shredder",Office Supplies,West,1,151,151,65,86
ORD-10468,2025-01-01,"Pinnacle Goods","Ergonomic Vertical Mouse",Accessories,East,2,62,124,48,76
ORD-10469,2025-12-10,"Zenith Dynamics","Universal Laptop Stand",Accessories,Central,1,49,49,16,33
ORD-10470,2025-11-10,"Zenith Dynamics","Noise-Cancelling Headphones",Electronics,Central,1,224,224,110,114
ORD-10471,2025-11-09,"Apex Retail","4K Ultra Monitor 32""",Electronics,South,13,549,7137,4160,2977
ORD-10472,2024-07-11,"Velocity Freight","Locking Storage Credenza",Furniture,East,9,386,3474,1890,1584
ORD-10473,2024-05-14,"Horizon Technologies","1080p Studio Webcam",Accessories,Central,1,94,94,38,56
ORD-10474,2025-08-08,"BluePeak Software","Modular Conference Table",Furniture,North,1,1109,1109,620,489
ORD-10475,2025-04-07,"Cascade Ventures","Ergonomic Vertical Mouse",Accessories,East,2,66,132,48,84
ORD-10476,2025-08-22,"Pinnacle Goods","Enterprise Server X1",Electronics,West,2,2827,5654,3600,2054
ORD-10477,2024-01-25,"Prime Dynamics","Smart Wireless Router",Electronics,West,6,175,1050,450,600
ORD-10478,2024-01-03,"Summit Financial","LaserJet High-Speed Printer",Office Supplies,Central,2,449,898,560,338
ORD-10479,2025-07-11,"Quantum Edge","Acoustic Privacy Panel",Furniture,North,6,145,870,360,510
ORD-10480,2025-01-27,"Prime Dynamics","High-Yield Toner Cartridges",Office Supplies,Central,2,89,178,56,122
ORD-10481,2024-07-27,"Quantum Edge","Universal Laptop Stand",Accessories,West,5,49,245,80,165
ORD-10482,2025-11-05,"Beacon Partners","Enterprise Server X1",Electronics,South,2,2827,5654,3600,2054
ORD-10483,2024-06-21,"Prime Dynamics","Locking Storage Credenza",Furniture,West,1,429,429,210,219
ORD-10484,2024-10-17,"Atlas Energy","Mechanical Backlit Keyboard",Accessories,West,1,129,129,48,81
ORD-10485,2024-06-12,"Apex Retail","Heavy-Duty Paper Shredder",Office Supplies,North,1,155,155,65,90
ORD-10486,2024-02-01,"Crestview Solutions","Ergonomic Vertical Mouse",Accessories,Central,2,62,124,48,76
ORD-10487,2024-07-08,"Stellar Media","Universal Laptop Stand",Accessories,Central,2,47,94,32,62
ORD-10488,2025-02-23,"Prime Dynamics","Standing Motorized Desk",Furniture,North,2,633,1266,660,606
ORD-10489,2025-09-29,"Summit Financial","Ergonomic Executive Chair",Furniture,West,2,379,758,380,378
ORD-10490,2025-07-26,"Crestview Solutions","Modular Conference Table",Furniture,South,2,1139,2278,1240,1038
ORD-10491,2025-10-15,"Vanguard Industrial","1080p Studio Webcam",Accessories,West,2,99,198,76,122
ORD-10492,2025-04-18,"Acme Corp","Enterprise Server X1",Electronics,Central,1,2609,2609,1800,809
ORD-10493,2025-10-12,"Lumina Systems","UltraBook Pro 15",Electronics,East,2,1169,2338,1700,638
ORD-10494,2024-03-17,"Nexus Enterprises","Ergonomic Executive Chair",Furniture,West,1,379,379,190,189
ORD-10495,2024-07-25,"Stellar Media","UltraBook Pro 15",Electronics,South,2,1299,2598,1700,898
ORD-10496,2024-12-28,"Global Logistics","Mechanical Backlit Keyboard",Accessories,West,1,123,123,48,75
ORD-10497,2024-03-25,"Apex Retail","Acoustic Privacy Panel",Furniture,West,2,142,284,120,164
ORD-10498,2025-05-18,"BluePeak Software","Universal Laptop Stand",Accessories,Central,2,45,90,32,58
ORD-10499,2025-01-10,"Vanguard Industrial","LaserJet High-Speed Printer",Office Supplies,West,2,474,948,560,388
ORD-10500,2025-09-08,"Atlas Energy","Smart Wireless Router",Electronics,Central,4,179,716,300,416
ORD-10501,2025-07-30,"Stellar Media","1080p Studio Webcam",Accessories,West,2,99,198,76,122
ORD-10502,2025-09-22,"Velocity Freight","Ergonomic Executive Chair",Furniture,East,6,369,2214,1140,1074
ORD-10503,2024-06-05,"Apex Retail","High-Yield Toner Cartridges",Office Supplies,North,2,89,178,56,122
ORD-10504,2024-12-31,"Prime Dynamics","Heavy-Duty Paper Shredder",Office Supplies,East,3,147,441,195,246
ORD-10505,2024-12-03,"BluePeak Software","Thunderbolt 4 Docking Hub",Accessories,Central,1,197,197,95,102
ORD-10506,2024-04-08,"Stellar Media","Locking Storage Credenza",Furniture,South,1,397,397,210,187
ORD-10507,2025-06-19,"Prime Dynamics","Standing Motorized Desk",Furniture,North,2,584,1168,660,508
ORD-10508,2024-06-13,"Pinnacle Goods","Smart Wireless Router",Electronics,North,2,179,358,150,208
ORD-10509,2025-01-18,"Velocity Freight","Mechanical Backlit Keyboard",Accessories,East,16,123,1968,768,1200
ORD-10510,2024-10-27,"Global Logistics","Heavy-Duty Paper Shredder",Office Supplies,West,2,159,318,130,188
ORD-10511,2024-02-19,"Prime Dynamics","Smart Wireless Router",Electronics,East,1,179,179,75,104
ORD-10512,2024-08-08,"Global Logistics","Modular Conference Table",Furniture,East,2,1139,2278,1240,1038
ORD-10513,2024-11-22,"Quantum Edge","High-Yield Toner Cartridges",Office Supplies,Central,2,82,164,56,108
ORD-10514,2025-10-23,"Summit Financial","1080p Studio Webcam",Accessories,East,9,99,891,342,549
ORD-10515,2024-10-06,"Atlas Energy","Ergonomic Executive Chair",Furniture,North,1,379,379,190,189
ORD-10516,2025-07-07,"BluePeak Software","4K Ultra Monitor 32""",Electronics,North,1,535,535,320,215
ORD-10517,2025-04-28,"Pinnacle Goods","Enterprise Server X1",Electronics,West,2,2609,5218,3600,1618
ORD-10518,2025-05-13,"Atlas Energy","Standing Motorized Desk",Furniture,South,2,600,1200,660,540
ORD-10519,2024-07-10,"Lumina Systems","4K Ultra Monitor 32""",Electronics,West,3,494,1482,960,522
ORD-10520,2024-06-30,"Cascade Ventures","Ergonomic Vertical Mouse",Accessories,South,1,69,69,24,45
ORD-10521,2024-03-29,"Acme Corp","Acoustic Privacy Panel",Furniture,South,2,134,268,120,148
ORD-10522,2025-09-29,"Prime Dynamics","LaserJet High-Speed Printer",Office Supplies,West,2,474,948,560,388
ORD-10523,2025-02-28,"Pinnacle Goods","Heavy-Duty Paper Shredder",Office Supplies,Central,5,159,795,325,470
ORD-10524,2025-03-21,"Summit Financial","LaserJet High-Speed Printer",Office Supplies,East,2,449,898,560,338
ORD-10525,2025-01-08,"Acme Corp","Smart Wireless Router",Electronics,South,6,179,1074,450,624
ORD-10526,2025-02-27,"Zenith Dynamics","Universal Laptop Stand",Accessories,West,4,47,188,64,124
ORD-10527,2024-02-22,"Global Logistics","High-Yield Toner Cartridges",Office Supplies,South,1,82,82,28,54
ORD-10528,2024-03-08,"Acme Corp","4K Ultra Monitor 32""",Electronics,South,2,535,1070,640,430
ORD-10529,2024-04-26,"Apex Retail","Modular Conference Table",Furniture,East,1,1139,1139,620,519
ORD-10530,2024-10-31,"Beacon Partners","Acoustic Privacy Panel",Furniture,South,3,145,435,180,255
ORD-10531,2025-01-21,"Pinnacle Goods","Smart Wireless Router",Electronics,East,1,175,175,75,100
ORD-10532,2024-06-21,"BluePeak Software","Universal Laptop Stand",Accessories,North,1,47,47,16,31
ORD-10533,2025-02-17,"Horizon Technologies","Enterprise Server X1",Electronics,East,1,2754,2754,1800,954
ORD-10534,2025-06-26,"Velocity Freight","Standing Motorized Desk",Furniture,Central,3,600,1800,990,810
ORD-10535,2025-06-13,"Vanguard Industrial","Locking Storage Credenza",Furniture,West,5,429,2145,1050,1095
ORD-10536,2024-11-14,"Beacon Partners","Standing Motorized Desk",Furniture,West,3,633,1899,990,909
ORD-10537,2025-04-19,"Vanguard Industrial","Modular Conference Table",Furniture,East,2,1079,2158,1240,918
ORD-10538,2025-02-04,"Acme Corp","Enterprise Server X1",Electronics,Central,2,2682,5364,3600,1764
ORD-10539,2025-11-18,"Prime Dynamics","Smart Wireless Router",Electronics,North,1,170,170,75,95
ORD-10540,2024-05-01,"Atlas Energy","Standing Motorized Desk",Furniture,North,1,633,633,330,303
ORD-10541,2025-03-26,"Stellar Media","Acoustic Privacy Panel",Furniture,West,2,145,290,120,170
ORD-10542,2024-01-04,"Atlas Energy","LaserJet High-Speed Printer",Office Supplies,East,3,499,1497,840,657
ORD-10543,2024-05-30,"Stellar Media","Noise-Cancelling Headphones",Electronics,East,2,243,486,220,266
ORD-10544,2025-09-13,"Cascade Ventures","High-Yield Toner Cartridges",Office Supplies,South,3,80,240,84,156
ORD-10545,2025-01-23,"Horizon Technologies","Standing Motorized Desk",Furniture,Central,2,649,1298,660,638
ORD-10546,2025-05-16,"Velocity Freight","LaserJet High-Speed Printer",Office Supplies,Central,6,487,2922,1680,1242
ORD-10547,2024-05-02,"Nexus Enterprises","Acoustic Privacy Panel",Furniture,South,2,142,284,120,164
ORD-10548,2024-11-23,"Horizon Technologies","Acoustic Privacy Panel",Furniture,Central,4,149,596,240,356
ORD-10549,2025-01-21,"Crestview Solutions","Ergonomic Vertical Mouse",Accessories,North,19,64,1216,456,760
ORD-10550,2024-12-16,"Horizon Technologies","1080p Studio Webcam",Accessories,West,9,89,801,342,459
ORD-10551,2025-05-02,"Beacon Partners","Mechanical Backlit Keyboard",Accessories,West,2,123,246,96,150
ORD-10552,2025-04-16,"Atlas Energy","Modular Conference Table",Furniture,Central,2,1199,2398,1240,1158
ORD-10553,2025-05-30,"Lumina Systems","1080p Studio Webcam",Accessories,East,2,99,198,76,122
ORD-10554,2024-03-20,"Quantum Edge","Ergonomic Executive Chair",Furniture,North,1,369,369,190,179
ORD-10555,2025-11-27,"Beacon Partners","Locking Storage Credenza",Furniture,South,2,397,794,420,374
ORD-10556,2025-07-11,"BluePeak Software","Standing Motorized Desk",Furniture,South,2,584,1168,660,508
ORD-10557,2025-05-13,"Vanguard Industrial","1080p Studio Webcam",Accessories,North,15,99,1485,570,915
ORD-10558,2024-09-29,"Summit Financial","Enterprise Server X1",Electronics,South,1,2899,2899,1800,1099
ORD-10559,2025-02-20,"Beacon Partners","Noise-Cancelling Headphones",Electronics,East,2,243,486,220,266
ORD-10560,2024-08-16,"Velocity Freight","Locking Storage Credenza",Furniture,East,1,418,418,210,208
ORD-10561,2025-08-17,"Horizon Technologies","1080p Studio Webcam",Accessories,West,2,97,194,76,118
ORD-10562,2024-01-31,"Vanguard Industrial","4K Ultra Monitor 32""",Electronics,West,2,535,1070,640,430
ORD-10563,2025-10-26,"Vertex Health","UltraBook Pro 15",Electronics,South,1,1267,1267,850,417
ORD-10564,2024-05-27,"Beacon Partners","1080p Studio Webcam",Accessories,East,2,97,194,76,118
ORD-10565,2024-03-09,"Summit Financial","Modular Conference Table",Furniture,North,1,1109,1109,620,489
ORD-10566,2024-10-16,"Beacon Partners","Standing Motorized Desk",Furniture,East,2,584,1168,660,508
ORD-10567,2024-11-20,"Crestview Solutions","Noise-Cancelling Headphones",Electronics,East,1,249,249,110,139
ORD-10568,2025-04-12,"Lumina Systems","Mechanical Backlit Keyboard",Accessories,North,2,126,252,96,156
ORD-10569,2025-05-15,"Acme Corp","Modular Conference Table",Furniture,Central,1,1169,1169,620,549
ORD-10570,2024-12-05,"Quantum Edge","Standing Motorized Desk",Furniture,West,2,617,1234,660,574
ORD-10571,2025-03-16,"Horizon Technologies","4K Ultra Monitor 32""",Electronics,North,4,549,2196,1280,916
ORD-10572,2025-05-21,"Horizon Technologies","4K Ultra Monitor 32""",Electronics,South,2,549,1098,640,458
ORD-10573,2024-05-09,"Beacon Partners","LaserJet High-Speed Printer",Office Supplies,North,19,487,9253,5320,3933
ORD-10574,2025-10-17,"Crestview Solutions","Locking Storage Credenza",Furniture,Central,1,418,418,210,208
ORD-10575,2024-09-05,"Horizon Technologies","Locking Storage Credenza",Furniture,Central,1,408,408,210,198
ORD-10576,2024-12-28,"Vertex Health","Heavy-Duty Paper Shredder",Office Supplies,South,2,147,294,130,164
ORD-10577,2024-11-17,"Apex Retail","Heavy-Duty Paper Shredder",Office Supplies,South,2,155,310,130,180
ORD-10578,2025-01-27,"BluePeak Software","Ergonomic Executive Chair",Furniture,East,4,389,1556,760,796
ORD-10579,2024-09-07,"Stellar Media","LaserJet High-Speed Printer",Office Supplies,West,5,487,2435,1400,1035
ORD-10580,2024-04-17,"Global Logistics","Heavy-Duty Paper Shredder",Office Supplies,South,1,151,151,65,86
ORD-10581,2024-05-31,"Horizon Technologies","LaserJet High-Speed Printer",Office Supplies,Central,2,487,974,560,414
ORD-10582,2025-04-05,"Nexus Enterprises","4K Ultra Monitor 32""",Electronics,Central,17,535,9095,5440,3655
ORD-10583,2025-11-11,"Vanguard Industrial","Ergonomic Executive Chair",Furniture,West,4,369,1476,760,716
ORD-10584,2024-07-10,"Acme Corp","Noise-Cancelling Headphones",Electronics,North,2,230,460,220,240
ORD-10585,2024-07-21,"Atlas Energy","Acoustic Privacy Panel",Furniture,West,2,142,284,120,164
ORD-10586,2025-06-08,"Summit Financial","LaserJet High-Speed Printer",Office Supplies,East,2,474,948,560,388
ORD-10587,2025-03-28,"Vertex Health","Universal Laptop Stand",Accessories,Central,1,49,49,16,33
ORD-10588,2024-05-26,"Apex Retail","Smart Wireless Router",Electronics,East,1,166,166,75,91
ORD-10589,2024-11-01,"BluePeak Software","Standing Motorized Desk",Furniture,West,2,649,1298,660,638
ORD-10590,2024-05-25,"BluePeak Software","Universal Laptop Stand",Accessories,East,2,47,94,32,62
ORD-10591,2024-08-17,"Vanguard Industrial","Locking Storage Credenza",Furniture,West,1,386,386,210,176
ORD-10592,2025-11-22,"Vanguard Industrial","High-Yield Toner Cartridges",Office Supplies,South,1,85,85,28,57
ORD-10593,2025-10-27,"Prime Dynamics","UltraBook Pro 15",Electronics,West,1,1169,1169,850,319
ORD-10594,2025-01-27,"BluePeak Software","4K Ultra Monitor 32""",Electronics,East,2,549,1098,640,458
ORD-10595,2024-06-14,"Lumina Systems","4K Ultra Monitor 32""",Electronics,Central,2,535,1070,640,430
ORD-10596,2025-05-11,"Velocity Freight","Enterprise Server X1",Electronics,South,2,2827,5654,3600,2054
ORD-10597,2025-07-27,"Global Logistics","4K Ultra Monitor 32""",Electronics,West,1,535,535,320,215
ORD-10598,2024-05-03,"Quantum Edge","Enterprise Server X1",Electronics,East,2,2682,5364,3600,1764
ORD-10599,2024-11-01,"Global Logistics","UltraBook Pro 15",Electronics,North,1,1267,1267,850,417
ORD-10600,2025-12-13,"Cascade Ventures","Standing Motorized Desk",Furniture,North,2,649,1298,660,638
ORD-10601,2025-05-20,"Summit Financial","Noise-Cancelling Headphones",Electronics,South,2,237,474,220,254
ORD-10602,2024-02-02,"Zenith Dynamics","Thunderbolt 4 Docking Hub",Accessories,East,2,214,428,190,238
ORD-10603,2024-01-21,"Vanguard Industrial","Heavy-Duty Paper Shredder",Office Supplies,North,4,147,588,260,328
ORD-10604,2025-06-04,"Vanguard Industrial","Ergonomic Executive Chair",Furniture,Central,4,369,1476,760,716
ORD-10605,2024-12-09,"Quantum Edge","Modular Conference Table",Furniture,Central,5,1109,5545,3100,2445
ORD-10606,2025-09-13,"Atlas Energy","Enterprise Server X1",Electronics,North,2,2682,5364,3600,1764
ORD-10607,2024-04-19,"Summit Financial","Acoustic Privacy Panel",Furniture,South,2,149,298,120,178
ORD-10608,2025-03-27,"Quantum Edge","High-Yield Toner Cartridges",Office Supplies,East,2,82,164,56,108
ORD-10609,2024-09-26,"Nexus Enterprises","Modular Conference Table",Furniture,North,1,1139,1139,620,519
ORD-10610,2025-10-29,"Horizon Technologies","High-Yield Toner Cartridges",Office Supplies,East,1,85,85,28,57
ORD-10611,2024-10-21,"Vertex Health","Modular Conference Table",Furniture,South,2,1169,2338,1240,1098
ORD-10612,2024-12-27,"Quantum Edge","High-Yield Toner Cartridges",Office Supplies,South,1,85,85,28,57
ORD-10613,2025-11-08,"Atlas Energy","High-Yield Toner Cartridges",Office Supplies,South,2,89,178,56,122
ORD-10614,2025-06-23,"Crestview Solutions","Ergonomic Vertical Mouse",Accessories,Central,4,69,276,96,180
ORD-10615,2024-04-17,"Velocity Freight","Heavy-Duty Paper Shredder",Office Supplies,East,1,159,159,65,94
ORD-10616,2024-03-20,"Crestview Solutions","Modular Conference Table",Furniture,Central,2,1109,2218,1240,978
ORD-10617,2025-02-03,"Velocity Freight","Acoustic Privacy Panel",Furniture,East,3,145,435,180,255
ORD-10618,2024-06-24,"Summit Financial","Acoustic Privacy Panel",Furniture,East,4,134,536,240,296
ORD-10619,2024-09-25,"Lumina Systems","Thunderbolt 4 Docking Hub",Accessories,West,2,214,428,190,238
ORD-10620,2025-06-24,"Quantum Edge","Acoustic Privacy Panel",Furniture,Central,5,138,690,300,390
ORD-10621,2025-05-20,"Zenith Dynamics","Thunderbolt 4 Docking Hub",Accessories,North,5,203,1015,475,540
ORD-10622,2025-03-31,"Summit Financial","1080p Studio Webcam",Accessories,North,3,92,276,114,162
ORD-10623,2024-06-23,"Vanguard Industrial","Mechanical Backlit Keyboard",Accessories,Central,6,126,756,288,468
ORD-10624,2024-11-02,"Horizon Technologies","Mechanical Backlit Keyboard",Accessories,East,2,116,232,96,136
ORD-10625,2025-08-03,"Acme Corp","Locking Storage Credenza",Furniture,West,1,397,397,210,187
ORD-10626,2025-11-27,"Cascade Ventures","Smart Wireless Router",Electronics,East,2,161,322,150,172
ORD-10627,2024-09-05,"Apex Retail","4K Ultra Monitor 32""",Electronics,West,1,494,494,320,174
ORD-10628,2025-08-05,"Velocity Freight","LaserJet High-Speed Printer",Office Supplies,West,8,474,3792,2240,1552
ORD-10629,2025-08-13,"Beacon Partners","Ergonomic Vertical Mouse",Accessories,Central,2,66,132,48,84
ORD-10630,2024-09-26,"BluePeak Software","UltraBook Pro 15",Electronics,South,3,1169,3507,2550,957
ORD-10631,2025-02-04,"Velocity Freight","Universal Laptop Stand",Accessories,Central,16,44,704,256,448
ORD-10632,2025-06-06,"Vanguard Industrial","Ergonomic Executive Chair",Furniture,East,1,359,359,190,169
ORD-10633,2024-11-05,"Vanguard Industrial","Noise-Cancelling Headphones",Electronics,South,2,224,448,220,228
ORD-10634,2025-12-03,"Acme Corp","High-Yield Toner Cartridges",Office Supplies,Central,1,82,82,28,54
ORD-10635,2025-03-08,"Vanguard Industrial","Ergonomic Vertical Mouse",Accessories,West,1,69,69,24,45
ORD-10636,2024-11-02,"Cascade Ventures","Acoustic Privacy Panel",Furniture,East,1,142,142,60,82
ORD-10637,2025-11-30,"Horizon Technologies","Acoustic Privacy Panel",Furniture,North,1,149,149,60,89
ORD-10638,2024-09-17,"Pinnacle Goods","UltraBook Pro 15",Electronics,North,2,1299,2598,1700,898
ORD-10639,2024-07-20,"Acme Corp","1080p Studio Webcam",Accessories,South,6,89,534,228,306
ORD-10640,2024-11-26,"Lumina Systems","Acoustic Privacy Panel",Furniture,South,14,138,1932,840,1092
ORD-10641,2025-11-03,"Vanguard Industrial","Enterprise Server X1",Electronics,West,6,2682,16092,10800,5292
ORD-10642,2025-10-22,"Beacon Partners","Modular Conference Table",Furniture,North,1,1109,1109,620,489
ORD-10643,2024-09-20,"Quantum Edge","Acoustic Privacy Panel",Furniture,North,2,142,284,120,164
ORD-10644,2024-06-02,"Lumina Systems","Ergonomic Vertical Mouse",Accessories,East,1,62,62,24,38
ORD-10645,2024-06-16,"Crestview Solutions","1080p Studio Webcam",Accessories,North,2,97,194,76,118
ORD-10646,2025-03-12,"Nexus Enterprises","Modular Conference Table",Furniture,Central,2,1139,2278,1240,1038
ORD-10647,2024-04-07,"Acme Corp","UltraBook Pro 15",Electronics,South,2,1234,2468,1700,768
ORD-10648,2024-04-27,"Zenith Dynamics","Ergonomic Executive Chair",Furniture,Central,19,399,7581,3610,3971
ORD-10649,2024-03-03,"Cascade Ventures","4K Ultra Monitor 32""",Electronics,North,4,522,2088,1280,808
ORD-10650,2025-03-20,"Zenith Dynamics","Mechanical Backlit Keyboard",Accessories,North,1,123,123,48,75
ORD-10651,2025-03-26,"Horizon Technologies","Acoustic Privacy Panel",Furniture,Central,1,142,142,60,82
ORD-10652,2025-06-20,"Stellar Media","Mechanical Backlit Keyboard",Accessories,North,3,119,357,144,213
ORD-10653,2025-02-09,"Horizon Technologies","Universal Laptop Stand",Accessories,West,1,44,44,16,28
ORD-10654,2025-01-11,"Zenith Dynamics","Standing Motorized Desk",Furniture,West,2,649,1298,660,638
ORD-10655,2024-12-07,"Cascade Ventures","UltraBook Pro 15",Electronics,East,3,1202,3606,2550,1056
ORD-10656,2025-10-09,"Pinnacle Goods","Locking Storage Credenza",Furniture,South,1,408,408,210,198
ORD-10657,2025-07-18,"Pinnacle Goods","1080p Studio Webcam",Accessories,South,3,92,276,114,162
ORD-10658,2024-05-24,"Horizon Technologies","1080p Studio Webcam",Accessories,South,3,94,282,114,168
ORD-10659,2025-01-17,"Summit Financial","Smart Wireless Router",Electronics,East,6,179,1074,450,624
ORD-10660,2024-08-12,"Acme Corp","Universal Laptop Stand",Accessories,East,4,45,180,64,116
ORD-10661,2025-09-05,"Velocity Freight","Ergonomic Executive Chair",Furniture,East,6,399,2394,1140,1254
ORD-10662,2024-10-04,"Atlas Energy","4K Ultra Monitor 32""",Electronics,South,1,494,494,320,174
ORD-10663,2024-01-26,"Nexus Enterprises","LaserJet High-Speed Printer",Office Supplies,South,2,474,948,560,388
ORD-10664,2024-08-18,"Prime Dynamics","Noise-Cancelling Headphones",Electronics,Central,2,243,486,220,266
ORD-10665,2024-09-29,"Horizon Technologies","4K Ultra Monitor 32""",Electronics,West,2,522,1044,640,404
ORD-10666,2025-09-24,"Beacon Partners","Locking Storage Credenza",Furniture,West,2,418,836,420,416
ORD-10667,2025-01-27,"Cascade Ventures","Standing Motorized Desk",Furniture,East,1,649,649,330,319
ORD-10668,2024-11-01,"BluePeak Software","4K Ultra Monitor 32""",Electronics,East,2,549,1098,640,458
ORD-10669,2025-06-14,"Crestview Solutions","Ergonomic Vertical Mouse",Accessories,East,2,69,138,48,90
ORD-10670,2024-11-06,"Vertex Health","Thunderbolt 4 Docking Hub",Accessories,North,1,208,208,95,113
ORD-10671,2024-11-12,"Atlas Energy","Noise-Cancelling Headphones",Electronics,Central,1,237,237,110,127
ORD-10672,2025-01-21,"Pinnacle Goods","4K Ultra Monitor 32""",Electronics,West,1,522,522,320,202
ORD-10673,2025-10-12,"Pinnacle Goods","Locking Storage Credenza",Furniture,West,1,418,418,210,208
ORD-10674,2024-09-02,"Vanguard Industrial","1080p Studio Webcam",Accessories,South,1,92,92,38,54
ORD-10675,2024-05-19,"Stellar Media","Mechanical Backlit Keyboard",Accessories,North,1,119,119,48,71
ORD-10676,2025-09-17,"BluePeak Software","Ergonomic Executive Chair",Furniture,South,4,389,1556,760,796
ORD-10677,2024-02-01,"Nexus Enterprises","Modular Conference Table",Furniture,North,2,1139,2278,1240,1038
ORD-10678,2025-04-01,"Vertex Health","Acoustic Privacy Panel",Furniture,West,5,142,710,300,410
ORD-10679,2024-06-23,"Apex Retail","Enterprise Server X1",Electronics,West,1,2682,2682,1800,882
ORD-10680,2024-12-06,"Cascade Ventures","LaserJet High-Speed Printer",Office Supplies,North,2,462,924,560,364
ORD-10681,2025-07-04,"Velocity Freight","Enterprise Server X1",Electronics,East,1,2682,2682,1800,882
ORD-10682,2025-11-22,"Stellar Media","Thunderbolt 4 Docking Hub",Accessories,Central,4,219,876,380,496
ORD-10683,2025-01-21,"Nexus Enterprises","Ergonomic Executive Chair",Furniture,North,2,379,758,380,378
ORD-10684,2024-12-24,"Velocity Freight","High-Yield Toner Cartridges",Office Supplies,South,2,85,170,56,114
ORD-10685,2025-10-23,"Velocity Freight","Acoustic Privacy Panel",Furniture,West,5,138,690,300,390
ORD-10686,2024-04-15,"Quantum Edge","Locking Storage Credenza",Furniture,Central,2,397,794,420,374
ORD-10687,2025-07-03,"Horizon Technologies","1080p Studio Webcam",Accessories,North,6,94,564,228,336
ORD-10688,2024-01-24,"Vertex Health","Mechanical Backlit Keyboard",Accessories,North,1,126,126,48,78
ORD-10689,2024-06-16,"Horizon Technologies","4K Ultra Monitor 32""",Electronics,West,1,549,549,320,229
ORD-10690,2024-12-01,"Prime Dynamics","Universal Laptop Stand",Accessories,East,1,44,44,16,28
ORD-10691,2024-06-20,"Stellar Media","1080p Studio Webcam",Accessories,Central,2,92,184,76,108
ORD-10692,2025-05-26,"Lumina Systems","4K Ultra Monitor 32""",Electronics,South,5,494,2470,1600,870
ORD-10693,2025-01-16,"Vanguard Industrial","High-Yield Toner Cartridges",Office Supplies,Central,1,85,85,28,57
ORD-10694,2024-11-14,"Vanguard Industrial","LaserJet High-Speed Printer",Office Supplies,North,2,499,998,560,438
ORD-10695,2024-12-13,"Apex Retail","Modular Conference Table",Furniture,West,2,1109,2218,1240,978
ORD-10696,2025-09-20,"Lumina Systems","Thunderbolt 4 Docking Hub",Accessories,Central,5,219,1095,475,620
ORD-10697,2025-02-06,"Zenith Dynamics","Mechanical Backlit Keyboard",Accessories,Central,1,129,129,48,81
ORD-10698,2024-12-09,"Stellar Media","Mechanical Backlit Keyboard",Accessories,West,4,123,492,192,300
ORD-10699,2024-10-13,"Vertex Health","LaserJet High-Speed Printer",Office Supplies,West,3,449,1347,840,507
ORD-10700,2024-12-30,"Lumina Systems","Modular Conference Table",Furniture,West,2,1079,2158,1240,918
ORD-10701,2025-03-15,"Quantum Edge","Ergonomic Executive Chair",Furniture,South,5,379,1895,950,945
ORD-10702,2024-01-25,"Acme Corp","High-Yield Toner Cartridges",Office Supplies,Central,1,85,85,28,57
ORD-10703,2024-05-22,"Atlas Energy","Acoustic Privacy Panel",Furniture,West,1,149,149,60,89
ORD-10704,2025-07-27,"Cascade Ventures","Mechanical Backlit Keyboard",Accessories,South,1,129,129,48,81
ORD-10705,2025-05-23,"Pinnacle Goods","UltraBook Pro 15",Electronics,East,1,1169,1169,850,319
ORD-10706,2025-02-07,"Stellar Media","Ergonomic Vertical Mouse",Accessories,Central,1,62,62,24,38
ORD-10707,2025-11-17,"Vanguard Industrial","4K Ultra Monitor 32""",Electronics,West,1,508,508,320,188
ORD-10708,2024-08-11,"Cascade Ventures","High-Yield Toner Cartridges",Office Supplies,East,2,87,174,56,118
ORD-10709,2024-12-25,"Pinnacle Goods","4K Ultra Monitor 32""",Electronics,Central,2,549,1098,640,458
ORD-10710,2025-12-17,"Horizon Technologies","Modular Conference Table",Furniture,South,1,1079,1079,620,459
ORD-10711,2025-07-16,"Cascade Ventures","Standing Motorized Desk",Furniture,West,2,633,1266,660,606
ORD-10712,2025-11-09,"Apex Retail","Mechanical Backlit Keyboard",Accessories,Central,2,119,238,96,142
ORD-10713,2025-08-26,"Crestview Solutions","Standing Motorized Desk",Furniture,South,2,584,1168,660,508
ORD-10714,2024-01-11,"Summit Financial","4K Ultra Monitor 32""",Electronics,North,5,508,2540,1600,940
ORD-10715,2025-07-24,"Quantum Edge","Modular Conference Table",Furniture,Central,1,1139,1139,620,519
ORD-10716,2024-10-12,"Horizon Technologies","UltraBook Pro 15",Electronics,South,2,1267,2534,1700,834
ORD-10717,2025-11-21,"Pinnacle Goods","1080p Studio Webcam",Accessories,West,2,89,178,76,102
ORD-10718,2025-12-05,"Pinnacle Goods","Universal Laptop Stand",Accessories,East,1,47,47,16,31
ORD-10719,2025-03-08,"Lumina Systems","Smart Wireless Router",Electronics,South,1,175,175,75,100
ORD-10720,2024-12-23,"Global Logistics","LaserJet High-Speed Printer",Office Supplies,South,18,474,8532,5040,3492
ORD-10721,2024-10-16,"Quantum Edge","Standing Motorized Desk",Furniture,West,5,617,3085,1650,1435
ORD-10722,2024-09-10,"Nexus Enterprises","Universal Laptop Stand",Accessories,East,2,47,94,32,62
ORD-10723,2025-02-11,"BluePeak Software","UltraBook Pro 15",Electronics,West,1,1267,1267,850,417
ORD-10724,2025-12-23,"Cascade Ventures","Locking Storage Credenza",Furniture,West,2,408,816,420,396
ORD-10725,2025-02-20,"Velocity Freight","Enterprise Server X1",Electronics,East,6,2899,17394,10800,6594
ORD-10726,2024-02-20,"Cascade Ventures","Smart Wireless Router",Electronics,North,1,170,170,75,95
ORD-10727,2025-05-02,"Acme Corp","Modular Conference Table",Furniture,Central,1,1139,1139,620,519
ORD-10728,2024-05-12,"BluePeak Software","Locking Storage Credenza",Furniture,North,2,386,772,420,352
ORD-10729,2025-11-14,"Horizon Technologies","UltraBook Pro 15",Electronics,South,2,1169,2338,1700,638
ORD-10730,2024-09-06,"Vanguard Industrial","1080p Studio Webcam",Accessories,West,6,97,582,228,354
ORD-10731,2024-03-10,"Nexus Enterprises","Smart Wireless Router",Electronics,West,1,161,161,75,86
ORD-10732,2024-03-01,"Summit Financial","Modular Conference Table",Furniture,North,1,1169,1169,620,549
ORD-10733,2025-11-08,"Quantum Edge","1080p Studio Webcam",Accessories,Central,4,92,368,152,216
ORD-10734,2024-06-16,"Horizon Technologies","Noise-Cancelling Headphones",Electronics,West,4,224,896,440,456
ORD-10735,2024-11-01,"Velocity Freight","Smart Wireless Router",Electronics,West,1,161,161,75,86
ORD-10736,2024-09-12,"Atlas Energy","Standing Motorized Desk",Furniture,North,6,584,3504,1980,1524
ORD-10737,2024-12-30,"Nexus Enterprises","Enterprise Server X1",Electronics,East,2,2609,5218,3600,1618
ORD-10738,2025-09-21,"Global Logistics","Acoustic Privacy Panel",Furniture,West,4,145,580,240,340
ORD-10739,2025-01-11,"Apex Retail","4K Ultra Monitor 32""",Electronics,West,2,508,1016,640,376
ORD-10740,2025-08-22,"Beacon Partners","UltraBook Pro 15",Electronics,East,1,1169,1169,850,319
ORD-10741,2024-09-01,"Apex Retail","Universal Laptop Stand",Accessories,North,4,47,188,64,124
ORD-10742,2024-09-10,"Atlas Energy","Ergonomic Executive Chair",Furniture,South,2,359,718,380,338
ORD-10743,2024-03-26,"Global Logistics","1080p Studio Webcam",Accessories,North,12,94,1128,456,672
ORD-10744,2025-06-29,"BluePeak Software","Ergonomic Vertical Mouse",Accessories,Central,3,64,192,72,120
ORD-10745,2025-07-07,"Nexus Enterprises","LaserJet High-Speed Printer",Office Supplies,Central,1,462,462,280,182
ORD-10746,2024-08-04,"Summit Financial","LaserJet High-Speed Printer",Office Supplies,Central,1,449,449,280,169
ORD-10747,2024-01-16,"Lumina Systems","High-Yield Toner Cartridges",Office Supplies,Central,1,87,87,28,59
ORD-10748,2025-05-03,"Cascade Ventures","Universal Laptop Stand",Accessories,South,2,45,90,32,58
ORD-10749,2024-07-23,"BluePeak Software","UltraBook Pro 15",Electronics,Central,2,1169,2338,1700,638
ORD-10750,2024-02-19,"Quantum Edge","Locking Storage Credenza",Furniture,North,1,397,397,210,187
ORD-10751,2025-12-25,"Lumina Systems","Standing Motorized Desk",Furniture,West,1,584,584,330,254
ORD-10752,2025-12-17,"Stellar Media","Noise-Cancelling Headphones",Electronics,North,2,237,474,220,254
ORD-10753,2025-08-11,"Acme Corp","Acoustic Privacy Panel",Furniture,East,1,138,138,60,78
ORD-10754,2025-04-18,"Atlas Energy","Ergonomic Vertical Mouse",Accessories,West,3,67,201,72,129
ORD-10755,2024-08-23,"Stellar Media","Thunderbolt 4 Docking Hub",Accessories,East,2,208,416,190,226
ORD-10756,2024-04-23,"Cascade Ventures","Smart Wireless Router",Electronics,Central,2,179,358,150,208
ORD-10757,2025-02-07,"Atlas Energy","Universal Laptop Stand",Accessories,East,1,44,44,16,28
ORD-10758,2024-06-06,"Velocity Freight","UltraBook Pro 15",Electronics,West,4,1299,5196,3400,1796
ORD-10759,2024-01-22,"Vertex Health","Thunderbolt 4 Docking Hub",Accessories,South,1,203,203,95,108
ORD-10760,2025-03-28,"Nexus Enterprises","1080p Studio Webcam",Accessories,Central,4,94,376,152,224
ORD-10761,2025-02-25,"Horizon Technologies","High-Yield Toner Cartridges",Office Supplies,West,2,82,164,56,108
ORD-10762,2024-09-08,"Prime Dynamics","Noise-Cancelling Headphones",Electronics,East,1,230,230,110,120
ORD-10763,2025-07-14,"Vanguard Industrial","High-Yield Toner Cartridges",Office Supplies,West,2,80,160,56,104
ORD-10764,2024-08-27,"Acme Corp","LaserJet High-Speed Printer",Office Supplies,West,1,462,462,280,182
ORD-10765,2024-01-15,"Summit Financial","Enterprise Server X1",Electronics,South,1,2609,2609,1800,809
ORD-10766,2025-10-28,"Horizon Technologies","1080p Studio Webcam",Accessories,Central,6,99,594,228,366
ORD-10767,2024-10-04,"Zenith Dynamics","Ergonomic Vertical Mouse",Accessories,South,1,62,62,24,38
ORD-10768,2025-12-07,"Zenith Dynamics","LaserJet High-Speed Printer",Office Supplies,North,2,499,998,560,438
ORD-10769,2025-12-11,"Zenith Dynamics","Ergonomic Vertical Mouse",Accessories,East,1,69,69,24,45
ORD-10770,2025-04-21,"Cascade Ventures","Enterprise Server X1",Electronics,East,2,2609,5218,3600,1618
ORD-10771,2024-03-23,"Global Logistics","LaserJet High-Speed Printer",Office Supplies,South,5,474,2370,1400,970
ORD-10772,2025-09-23,"Beacon Partners","Universal Laptop Stand",Accessories,South,12,45,540,192,348
ORD-10773,2024-02-15,"BluePeak Software","Locking Storage Credenza",Furniture,South,1,429,429,210,219
ORD-10774,2024-09-21,"Crestview Solutions","1080p Studio Webcam",Accessories,North,1,92,92,38,54
ORD-10775,2025-01-03,"Horizon Technologies","High-Yield Toner Cartridges",Office Supplies,South,1,80,80,28,52
ORD-10776,2025-01-17,"Acme Corp","1080p Studio Webcam",Accessories,East,2,99,198,76,122
ORD-10777,2025-04-11,"Zenith Dynamics","LaserJet High-Speed Printer",Office Supplies,South,1,449,449,280,169
ORD-10778,2025-08-12,"Cascade Ventures","Locking Storage Credenza",Furniture,South,2,397,794,420,374
ORD-10779,2025-11-28,"Horizon Technologies","Smart Wireless Router",Electronics,South,1,161,161,75,86
ORD-10780,2025-09-17,"Vanguard Industrial","Acoustic Privacy Panel",Furniture,Central,1,138,138,60,78
ORD-10781,2025-05-20,"Atlas Energy","LaserJet High-Speed Printer",Office Supplies,East,1,449,449,280,169
ORD-10782,2024-07-20,"Quantum Edge","Modular Conference Table",Furniture,South,2,1139,2278,1240,1038
ORD-10783,2025-11-12,"Summit Financial","Locking Storage Credenza",Furniture,West,5,418,2090,1050,1040
ORD-10784,2024-02-25,"Quantum Edge","Mechanical Backlit Keyboard",Accessories,East,2,126,252,96,156
ORD-10785,2024-10-17,"Beacon Partners","Standing Motorized Desk",Furniture,East,6,600,3600,1980,1620
ORD-10786,2025-07-28,"Global Logistics","LaserJet High-Speed Printer",Office Supplies,Central,2,474,948,560,388
ORD-10787,2025-09-27,"Global Logistics","UltraBook Pro 15",Electronics,South,2,1299,2598,1700,898
ORD-10788,2024-06-24,"Atlas Energy","1080p Studio Webcam",Accessories,West,3,97,291,114,177
ORD-10789,2024-08-31,"Global Logistics","High-Yield Toner Cartridges",Office Supplies,North,2,89,178,56,122
ORD-10790,2025-12-29,"Summit Financial","4K Ultra Monitor 32""",Electronics,West,14,549,7686,4480,3206
ORD-10791,2025-06-07,"Vanguard Industrial","Enterprise Server X1",Electronics,North,4,2754,11016,7200,3816
ORD-10792,2024-12-21,"Summit Financial","Locking Storage Credenza",Furniture,North,1,418,418,210,208
ORD-10793,2024-09-30,"Beacon Partners","4K Ultra Monitor 32""",Electronics,North,1,494,494,320,174
ORD-10794,2025-07-01,"Global Logistics","Ergonomic Vertical Mouse",Accessories,East,5,69,345,120,225
ORD-10795,2024-05-01,"Vertex Health","Ergonomic Executive Chair",Furniture,South,3,359,1077,570,507
ORD-10796,2025-10-28,"Lumina Systems","Universal Laptop Stand",Accessories,Central,1,44,44,16,28
ORD-10797,2024-07-03,"Horizon Technologies","Thunderbolt 4 Docking Hub",Accessories,West,2,219,438,190,248
ORD-10798,2024-07-28,"Zenith Dynamics","Ergonomic Vertical Mouse",Accessories,South,3,66,198,72,126
ORD-10799,2025-01-25,"Crestview Solutions","Acoustic Privacy Panel",Furniture,North,13,134,1742,780,962
ORD-10800,2024-04-13,"Velocity Freight","Smart Wireless Router",Electronics,West,2,179,358,150,208
ORD-10801,2025-07-13,"Quantum Edge","Mechanical Backlit Keyboard",Accessories,North,1,123,123,48,75
ORD-10802,2024-04-22,"Vanguard Industrial","LaserJet High-Speed Printer",Office Supplies,Central,2,474,948,560,388
ORD-10803,2024-08-30,"BluePeak Software","1080p Studio Webcam",Accessories,East,1,94,94,38,56
ORD-10804,2025-01-16,"Atlas Energy","Acoustic Privacy Panel",Furniture,East,1,138,138,60,78
ORD-10805,2025-05-15,"Crestview Solutions","4K Ultra Monitor 32""",Electronics,Central,5,549,2745,1600,1145
ORD-10806,2025-06-26,"Nexus Enterprises","Heavy-Duty Paper Shredder",Office Supplies,Central,3,147,441,195,246
ORD-10807,2024-12-09,"Cascade Ventures","LaserJet High-Speed Printer",Office Supplies,West,2,462,924,560,364
ORD-10808,2024-02-07,"Vertex Health","Smart Wireless Router",Electronics,North,5,175,875,375,500
ORD-10809,2024-08-01,"Apex Retail","LaserJet High-Speed Printer",Office Supplies,Central,2,449,898,560,338
ORD-10810,2025-01-19,"Stellar Media","Enterprise Server X1",Electronics,South,2,2609,5218,3600,1618
ORD-10811,2024-04-28,"Cascade Ventures","Heavy-Duty Paper Shredder",Office Supplies,West,1,143,143,65,78
ORD-10812,2025-10-13,"Acme Corp","Locking Storage Credenza",Furniture,South,2,429,858,420,438
ORD-10813,2025-03-20,"Stellar Media","1080p Studio Webcam",Accessories,South,2,92,184,76,108
ORD-10814,2025-11-13,"Prime Dynamics","Modular Conference Table",Furniture,North,5,1199,5995,3100,2895
ORD-10815,2024-12-04,"Global Logistics","Ergonomic Executive Chair",Furniture,North,3,399,1197,570,627
ORD-10816,2025-04-07,"BluePeak Software","1080p Studio Webcam",Accessories,West,1,94,94,38,56
ORD-10817,2024-08-02,"Crestview Solutions","Ergonomic Executive Chair",Furniture,West,2,369,738,380,358
ORD-10818,2025-11-03,"Apex Retail","Universal Laptop Stand",Accessories,North,5,45,225,80,145
ORD-10819,2025-01-11,"Zenith Dynamics","Enterprise Server X1",Electronics,South,2,2682,5364,3600,1764
ORD-10820,2024-04-18,"Pinnacle Goods","Ergonomic Executive Chair",Furniture,North,4,369,1476,760,716
ORD-10821,2024-05-14,"Apex Retail","Standing Motorized Desk",Furniture,East,1,649,649,330,319
ORD-10822,2024-05-08,"Zenith Dynamics","Ergonomic Executive Chair",Furniture,North,2,369,738,380,358
ORD-10823,2024-10-31,"Nexus Enterprises","Ergonomic Executive Chair",Furniture,East,1,359,359,190,169
ORD-10824,2024-04-30,"Cascade Ventures","Modular Conference Table",Furniture,Central,3,1079,3237,1860,1377
ORD-10825,2025-01-18,"Prime Dynamics","Acoustic Privacy Panel",Furniture,North,1,145,145,60,85
ORD-10826,2024-01-13,"Cascade Ventures","Ergonomic Executive Chair",Furniture,East,5,389,1945,950,995
ORD-10827,2025-07-23,"Pinnacle Goods","UltraBook Pro 15",Electronics,East,3,1267,3801,2550,1251
ORD-10828,2024-12-19,"Atlas Energy","Locking Storage Credenza",Furniture,North,2,418,836,420,416
ORD-10829,2025-09-21,"Horizon Technologies","Noise-Cancelling Headphones",Electronics,North,1,230,230,110,120
ORD-10830,2025-11-25,"BluePeak Software","4K Ultra Monitor 32""",Electronics,Central,6,494,2964,1920,1044
ORD-10831,2025-12-07,"Cascade Ventures","Modular Conference Table",Furniture,North,2,1139,2278,1240,1038
ORD-10832,2025-09-30,"Stellar Media","Heavy-Duty Paper Shredder",Office Supplies,East,1,155,155,65,90
ORD-10833,2025-03-08,"Velocity Freight","Heavy-Duty Paper Shredder",Office Supplies,South,1,159,159,65,94
ORD-10834,2025-10-15,"Quantum Edge","Universal Laptop Stand",Accessories,Central,2,49,98,32,66
ORD-10835,2025-12-06,"Pinnacle Goods","UltraBook Pro 15",Electronics,North,2,1234,2468,1700,768
ORD-10836,2025-03-28,"Zenith Dynamics","LaserJet High-Speed Printer",Office Supplies,East,2,487,974,560,414
ORD-10837,2024-05-13,"Apex Retail","Smart Wireless Router",Electronics,East,2,161,322,150,172
ORD-10838,2024-02-13,"Vanguard Industrial","1080p Studio Webcam",Accessories,South,6,92,552,228,324
ORD-10839,2025-11-24,"Horizon Technologies","Heavy-Duty Paper Shredder",Office Supplies,East,2,147,294,130,164
ORD-10840,2025-06-26,"Prime Dynamics","UltraBook Pro 15",Electronics,West,6,1169,7014,5100,1914
ORD-10841,2024-02-17,"BluePeak Software","Standing Motorized Desk",Furniture,Central,2,600,1200,660,540
ORD-10842,2024-12-31,"Quantum Edge","UltraBook Pro 15",Electronics,Central,3,1299,3897,2550,1347
ORD-10843,2024-12-28,"Vanguard Industrial","Smart Wireless Router",Electronics,West,2,166,332,150,182
ORD-10844,2025-10-17,"Vanguard Industrial","4K Ultra Monitor 32""",Electronics,West,2,535,1070,640,430
ORD-10845,2024-05-17,"Acme Corp","Standing Motorized Desk",Furniture,North,1,617,617,330,287
ORD-10846,2024-09-19,"Horizon Technologies","1080p Studio Webcam",Accessories,North,5,94,470,190,280
ORD-10847,2024-12-18,"Lumina Systems","Modular Conference Table",Furniture,East,1,1139,1139,620,519
ORD-10848,2025-11-07,"Atlas Energy","Ergonomic Vertical Mouse",Accessories,East,2,64,128,48,80
ORD-10849,2024-06-29,"Beacon Partners","Thunderbolt 4 Docking Hub",Accessories,Central,1,214,214,95,119
ORD-10850,2025-06-17,"Lumina Systems","Universal Laptop Stand",Accessories,East,3,48,144,48,96
ORD-10851,2025-04-10,"Vanguard Industrial","UltraBook Pro 15",Electronics,East,1,1169,1169,850,319
ORD-10852,2024-02-26,"BluePeak Software","UltraBook Pro 15",Electronics,North,4,1202,4808,3400,1408
ORD-10853,2025-02-12,"Quantum Edge","High-Yield Toner Cartridges",Office Supplies,East,1,87,87,28,59
ORD-10854,2024-06-21,"Lumina Systems","Noise-Cancelling Headphones",Electronics,West,1,230,230,110,120
ORD-10855,2025-07-11,"Crestview Solutions","Ergonomic Executive Chair",Furniture,East,1,359,359,190,169
ORD-10856,2025-10-08,"Quantum Edge","Acoustic Privacy Panel",Furniture,East,4,138,552,240,312
ORD-10857,2025-04-08,"Horizon Technologies","UltraBook Pro 15",Electronics,South,2,1299,2598,1700,898
ORD-10858,2024-06-16,"Vertex Health","High-Yield Toner Cartridges",Office Supplies,South,1,82,82,28,54
ORD-10859,2025-04-02,"Nexus Enterprises","Ergonomic Executive Chair",Furniture,South,1,379,379,190,189
ORD-10860,2025-07-04,"Velocity Freight","Locking Storage Credenza",Furniture,Central,6,429,2574,1260,1314
ORD-10861,2024-10-08,"Horizon Technologies","Universal Laptop Stand",Accessories,North,2,49,98,32,66
ORD-10862,2025-05-25,"Global Logistics","Enterprise Server X1",Electronics,West,1,2827,2827,1800,1027
ORD-10863,2025-01-08,"Zenith Dynamics","High-Yield Toner Cartridges",Office Supplies,East,1,85,85,28,57
ORD-10864,2024-04-19,"Pinnacle Goods","4K Ultra Monitor 32""",Electronics,Central,2,494,988,640,348
ORD-10865,2024-01-16,"Summit Financial","Heavy-Duty Paper Shredder",Office Supplies,Central,2,159,318,130,188
ORD-10866,2025-08-21,"Quantum Edge","Smart Wireless Router",Electronics,North,1,170,170,75,95
ORD-10867,2024-11-17,"Zenith Dynamics","4K Ultra Monitor 32""",Electronics,East,2,494,988,640,348
ORD-10868,2025-01-02,"Vanguard Industrial","Enterprise Server X1",Electronics,West,1,2899,2899,1800,1099
ORD-10869,2025-03-14,"Stellar Media","Smart Wireless Router",Electronics,West,14,166,2324,1050,1274
ORD-10870,2024-05-06,"Vertex Health","1080p Studio Webcam",Accessories,North,19,97,1843,722,1121
ORD-10871,2024-02-20,"Stellar Media","4K Ultra Monitor 32""",Electronics,Central,9,494,4446,2880,1566
ORD-10872,2025-07-13,"Quantum Edge","LaserJet High-Speed Printer",Office Supplies,Central,4,499,1996,1120,876
ORD-10873,2024-07-12,"Lumina Systems","Ergonomic Executive Chair",Furniture,East,1,359,359,190,169
ORD-10874,2025-04-05,"Vertex Health","1080p Studio Webcam",Accessories,East,6,92,552,228,324
ORD-10875,2024-06-21,"Stellar Media","4K Ultra Monitor 32""",Electronics,North,2,522,1044,640,404
ORD-10876,2025-04-05,"Pinnacle Goods","4K Ultra Monitor 32""",Electronics,West,1,508,508,320,188
ORD-10877,2024-03-20,"Atlas Energy","Noise-Cancelling Headphones",Electronics,East,2,249,498,220,278
ORD-10878,2025-11-05,"Horizon Technologies","Universal Laptop Stand",Accessories,West,2,49,98,32,66
ORD-10879,2024-05-18,"Prime Dynamics","LaserJet High-Speed Printer",Office Supplies,South,2,487,974,560,414
ORD-10880,2024-10-31,"Summit Financial","Mechanical Backlit Keyboard",Accessories,Central,3,129,387,144,243
ORD-10881,2025-07-01,"Vanguard Industrial","Mechanical Backlit Keyboard",Accessories,Central,1,119,119,48,71
ORD-10882,2025-09-17,"BluePeak Software","Standing Motorized Desk",Furniture,East,2,649,1298,660,638
ORD-10883,2024-12-10,"Summit Financial","Thunderbolt 4 Docking Hub",Accessories,South,4,203,812,380,432
ORD-10884,2025-04-04,"Global Logistics","High-Yield Toner Cartridges",Office Supplies,West,1,89,89,28,61
ORD-10885,2025-02-05,"Velocity Freight","Acoustic Privacy Panel",Furniture,North,1,142,142,60,82
ORD-10886,2024-05-21,"Pinnacle Goods","4K Ultra Monitor 32""",Electronics,West,1,494,494,320,174
ORD-10887,2024-12-15,"Atlas Energy","Modular Conference Table",Furniture,West,1,1169,1169,620,549
ORD-10888,2024-05-16,"Vanguard Industrial","Ergonomic Vertical Mouse",Accessories,North,1,62,62,24,38
ORD-10889,2024-12-26,"Prime Dynamics","Heavy-Duty Paper Shredder",Office Supplies,North,1,151,151,65,86
ORD-10890,2024-06-06,"Lumina Systems","Universal Laptop Stand",Accessories,North,2,48,96,32,64
ORD-10891,2025-05-10,"BluePeak Software","4K Ultra Monitor 32""",Electronics,East,1,494,494,320,174
ORD-10892,2024-08-01,"Cascade Ventures","Ergonomic Executive Chair",Furniture,East,1,379,379,190,189
ORD-10893,2025-07-03,"Acme Corp","Ergonomic Executive Chair",Furniture,West,2,359,718,380,338
ORD-10894,2025-11-23,"Velocity Freight","Heavy-Duty Paper Shredder",Office Supplies,Central,2,151,302,130,172
ORD-10895,2025-01-04,"Acme Corp","1080p Studio Webcam",Accessories,West,2,94,188,76,112
ORD-10896,2024-01-11,"Quantum Edge","Ergonomic Executive Chair",Furniture,East,1,359,359,190,169
ORD-10897,2025-10-26,"Zenith Dynamics","Noise-Cancelling Headphones",Electronics,East,1,237,237,110,127
ORD-10898,2024-02-07,"Velocity Freight","Locking Storage Credenza",Furniture,West,2,386,772,420,352
ORD-10899,2025-10-23,"Atlas Energy","1080p Studio Webcam",Accessories,South,3,92,276,114,162
ORD-10900,2024-12-17,"Stellar Media","Acoustic Privacy Panel",Furniture,North,1,149,149,60,89
ORD-10901,2025-09-05,"Lumina Systems","1080p Studio Webcam",Accessories,South,2,97,194,76,118
ORD-10902,2024-09-17,"Beacon Partners","Universal Laptop Stand",Accessories,Central,2,45,90,32,58
ORD-10903,2025-02-25,"Zenith Dynamics","High-Yield Toner Cartridges",Office Supplies,West,5,89,445,140,305
ORD-10904,2025-08-04,"Pinnacle Goods","Noise-Cancelling Headphones",Electronics,West,1,230,230,110,120
ORD-10905,2024-07-19,"Stellar Media","Acoustic Privacy Panel",Furniture,West,12,134,1608,720,888
ORD-10906,2024-03-25,"Crestview Solutions","Locking Storage Credenza",Furniture,North,2,418,836,420,416
ORD-10907,2025-09-01,"Nexus Enterprises","Enterprise Server X1",Electronics,South,2,2899,5798,3600,2198
ORD-10908,2025-02-27,"Vertex Health","Ergonomic Executive Chair",Furniture,North,2,379,758,380,378
ORD-10909,2024-01-10,"Nexus Enterprises","UltraBook Pro 15",Electronics,South,11,1202,13222,9350,3872
ORD-10910,2025-09-26,"Pinnacle Goods","LaserJet High-Speed Printer",Office Supplies,East,1,499,499,280,219
ORD-10911,2024-05-17,"Crestview Solutions","Standing Motorized Desk",Furniture,South,5,649,3245,1650,1595
ORD-10912,2024-05-15,"Acme Corp","Enterprise Server X1",Electronics,North,2,2899,5798,3600,2198
ORD-10913,2025-08-20,"Horizon Technologies","High-Yield Toner Cartridges",Office Supplies,Central,2,89,178,56,122
ORD-10914,2024-01-13,"Pinnacle Goods","LaserJet High-Speed Printer",Office Supplies,North,1,449,449,280,169
ORD-10915,2025-02-04,"Atlas Energy","LaserJet High-Speed Printer",Office Supplies,West,2,462,924,560,364
ORD-10916,2025-03-13,"Apex Retail","Enterprise Server X1",Electronics,West,1,2754,2754,1800,954
ORD-10917,2025-12-16,"Crestview Solutions","1080p Studio Webcam",Accessories,East,3,94,282,114,168
ORD-10918,2024-01-18,"Zenith Dynamics","Locking Storage Credenza",Furniture,West,2,429,858,420,438
ORD-10919,2024-04-04,"Vertex Health","1080p Studio Webcam",Accessories,East,4,92,368,152,216
ORD-10920,2025-12-29,"Apex Retail","Smart Wireless Router",Electronics,South,1,179,179,75,104
ORD-10921,2025-01-15,"Atlas Energy","Ergonomic Vertical Mouse",Accessories,North,2,66,132,48,84
ORD-10922,2024-08-22,"Summit Financial","Enterprise Server X1",Electronics,East,1,2827,2827,1800,1027
ORD-10923,2025-12-20,"Vanguard Industrial","Acoustic Privacy Panel",Furniture,East,1,142,142,60,82
ORD-10924,2025-12-02,"Velocity Freight","4K Ultra Monitor 32""",Electronics,Central,1,522,522,320,202
ORD-10925,2024-03-10,"Velocity Freight","Standing Motorized Desk",Furniture,East,2,617,1234,660,574
ORD-10926,2025-09-20,"Acme Corp","Locking Storage Credenza",Furniture,North,3,408,1224,630,594
ORD-10927,2024-07-10,"Atlas Energy","Ergonomic Vertical Mouse",Accessories,Central,1,67,67,24,43
ORD-10928,2024-09-23,"Stellar Media","Mechanical Backlit Keyboard",Accessories,South,2,119,238,96,142
ORD-10929,2025-01-28,"Quantum Edge","Ergonomic Executive Chair",Furniture,West,1,389,389,190,199
ORD-10930,2024-09-02,"Apex Retail","Modular Conference Table",Furniture,South,2,1109,2218,1240,978
ORD-10931,2024-02-07,"Zenith Dynamics","Smart Wireless Router",Electronics,Central,8,170,1360,600,760
ORD-10932,2025-11-13,"Atlas Energy","Mechanical Backlit Keyboard",Accessories,West,2,123,246,96,150
ORD-10933,2024-03-17,"Acme Corp","Universal Laptop Stand",Accessories,West,4,45,180,64,116
ORD-10934,2024-02-19,"Zenith Dynamics","High-Yield Toner Cartridges",Office Supplies,East,2,89,178,56,122
ORD-10935,2025-12-08,"Crestview Solutions","Thunderbolt 4 Docking Hub",Accessories,East,6,214,1284,570,714
ORD-10936,2024-12-16,"Nexus Enterprises","Acoustic Privacy Panel",Furniture,North,2,149,298,120,178
ORD-10937,2024-08-29,"Acme Corp","Thunderbolt 4 Docking Hub",Accessories,East,2,219,438,190,248
ORD-10938,2025-02-11,"Summit Financial","Standing Motorized Desk",Furniture,East,2,617,1234,660,574
ORD-10939,2024-10-05,"Acme Corp","Ergonomic Vertical Mouse",Accessories,East,2,64,128,48,80
ORD-10940,2025-07-07,"Nexus Enterprises","Thunderbolt 4 Docking Hub",Accessories,South,1,197,197,95,102
ORD-10941,2025-03-25,"Velocity Freight","Standing Motorized Desk",Furniture,South,2,584,1168,660,508
ORD-10942,2025-06-12,"BluePeak Software","Ergonomic Vertical Mouse",Accessories,West,4,62,248,96,152
ORD-10943,2024-07-15,"Vertex Health","LaserJet High-Speed Printer",Office Supplies,South,1,462,462,280,182
ORD-10944,2024-02-14,"Atlas Energy","High-Yield Toner Cartridges",Office Supplies,Central,5,85,425,140,285
ORD-10945,2024-11-07,"Cascade Ventures","Modular Conference Table",Furniture,West,2,1079,2158,1240,918
ORD-10946,2025-07-19,"Pinnacle Goods","1080p Studio Webcam",Accessories,Central,6,97,582,228,354
ORD-10947,2025-08-11,"Acme Corp","4K Ultra Monitor 32""",Electronics,North,2,535,1070,640,430
ORD-10948,2024-10-22,"Apex Retail","High-Yield Toner Cartridges",Office Supplies,South,1,87,87,28,59
ORD-10949,2024-05-24,"Nexus Enterprises","Ergonomic Vertical Mouse",Accessories,Central,1,64,64,24,40
ORD-10950,2025-07-18,"Atlas Energy","1080p Studio Webcam",Accessories,North,2,99,198,76,122
ORD-10951,2025-02-23,"Vertex Health","Ergonomic Executive Chair",Furniture,West,2,369,738,380,358
ORD-10952,2024-11-24,"Lumina Systems","UltraBook Pro 15",Electronics,North,1,1202,1202,850,352
ORD-10953,2025-10-01,"Beacon Partners","Heavy-Duty Paper Shredder",Office Supplies,West,4,143,572,260,312
ORD-10954,2025-09-14,"Zenith Dynamics","Standing Motorized Desk",Furniture,East,3,584,1752,990,762
ORD-10955,2024-11-24,"Beacon Partners","Heavy-Duty Paper Shredder",Office Supplies,East,1,155,155,65,90
ORD-10956,2024-01-26,"Prime Dynamics","Acoustic Privacy Panel",Furniture,West,1,138,138,60,78
ORD-10957,2024-04-26,"Horizon Technologies","Heavy-Duty Paper Shredder",Office Supplies,West,3,159,477,195,282
ORD-10958,2024-03-25,"Apex Retail","LaserJet High-Speed Printer",Office Supplies,Central,2,474,948,560,388
ORD-10959,2024-04-28,"Global Logistics","Noise-Cancelling Headphones",Electronics,Central,5,243,1215,550,665
ORD-10960,2024-10-22,"Velocity Freight","Smart Wireless Router",Electronics,South,2,161,322,150,172
ORD-10961,2024-09-20,"Vanguard Industrial","Ergonomic Vertical Mouse",Accessories,South,1,62,62,24,38
ORD-10962,2024-05-07,"Zenith Dynamics","Heavy-Duty Paper Shredder",Office Supplies,West,2,151,302,130,172
ORD-10963,2025-01-07,"Stellar Media","Universal Laptop Stand",Accessories,South,5,47,235,80,155
ORD-10964,2024-03-17,"Cascade Ventures","Universal Laptop Stand",Accessories,West,2,45,90,32,58
ORD-10965,2025-12-23,"Vanguard Industrial","Universal Laptop Stand",Accessories,East,2,48,96,32,64
ORD-10966,2024-10-12,"Global Logistics","Ergonomic Vertical Mouse",Accessories,South,4,64,256,96,160
ORD-10967,2024-07-10,"Zenith Dynamics","4K Ultra Monitor 32""",Electronics,Central,1,494,494,320,174
ORD-10968,2025-01-20,"Pinnacle Goods","1080p Studio Webcam",Accessories,East,1,92,92,38,54
ORD-10969,2025-12-03,"Lumina Systems","Acoustic Privacy Panel",Furniture,East,4,142,568,240,328
ORD-10970,2025-07-01,"Lumina Systems","Standing Motorized Desk",Furniture,West,2,649,1298,660,638
ORD-10971,2025-05-26,"Quantum Edge","Modular Conference Table",Furniture,West,2,1109,2218,1240,978
ORD-10972,2024-04-16,"Horizon Technologies","Noise-Cancelling Headphones",Electronics,West,2,230,460,220,240
ORD-10973,2024-12-21,"Vertex Health","Modular Conference Table",Furniture,South,4,1139,4556,2480,2076
ORD-10974,2024-11-07,"Acme Corp","Acoustic Privacy Panel",Furniture,West,5,134,670,300,370
ORD-10975,2025-09-12,"Nexus Enterprises","Locking Storage Credenza",Furniture,Central,1,418,418,210,208
ORD-10976,2024-10-09,"Crestview Solutions","Smart Wireless Router",Electronics,East,1,161,161,75,86
ORD-10977,2025-03-30,"Stellar Media","1080p Studio Webcam",Accessories,East,3,94,282,114,168
ORD-10978,2024-01-02,"Atlas Energy","Heavy-Duty Paper Shredder",Office Supplies,Central,2,159,318,130,188
ORD-10979,2024-09-26,"Crestview Solutions","Mechanical Backlit Keyboard",Accessories,North,2,129,258,96,162
ORD-10980,2024-05-30,"Velocity Freight","High-Yield Toner Cartridges",Office Supplies,South,1,87,87,28,59
ORD-10981,2025-01-06,"Vertex Health","Acoustic Privacy Panel",Furniture,West,1,149,149,60,89
ORD-10982,2024-09-11,"Vertex Health","1080p Studio Webcam",Accessories,South,6,99,594,228,366
ORD-10983,2024-03-08,"Cascade Ventures","Heavy-Duty Paper Shredder",Office Supplies,West,1,155,155,65,90
ORD-10984,2024-08-01,"BluePeak Software","Mechanical Backlit Keyboard",Accessories,North,2,129,258,96,162
ORD-10985,2024-06-26,"Stellar Media","LaserJet High-Speed Printer",Office Supplies,West,6,499,2994,1680,1314
ORD-10986,2024-05-25,"Quantum Edge","Thunderbolt 4 Docking Hub",Accessories,Central,5,214,1070,475,595
ORD-10987,2024-07-14,"Summit Financial","High-Yield Toner Cartridges",Office Supplies,South,2,87,174,56,118
ORD-10988,2025-12-05,"Nexus Enterprises","High-Yield Toner Cartridges",Office Supplies,South,2,85,170,56,114
ORD-10989,2024-11-17,"Horizon Technologies","Noise-Cancelling Headphones",Electronics,East,1,249,249,110,139
ORD-10990,2024-09-14,"Global Logistics","Mechanical Backlit Keyboard",Accessories,Central,2,126,252,96,156
ORD-10991,2024-11-16,"Crestview Solutions","Enterprise Server X1",Electronics,North,5,2754,13770,9000,4770
ORD-10992,2025-06-20,"Stellar Media","Standing Motorized Desk",Furniture,West,2,649,1298,660,638
ORD-10993,2024-12-03,"Lumina Systems","Ergonomic Executive Chair",Furniture,Central,2,389,778,380,398
ORD-10994,2025-02-24,"Zenith Dynamics","Mechanical Backlit Keyboard",Accessories,Central,3,129,387,144,243
ORD-10995,2024-01-03,"Horizon Technologies","Locking Storage Credenza",Furniture,North,5,397,1985,1050,935
ORD-10996,2025-01-10,"Summit Financial","UltraBook Pro 15",Electronics,East,15,1299,19485,12750,6735
ORD-10997,2024-08-03,"BluePeak Software","Ergonomic Vertical Mouse",Accessories,Central,1,69,69,24,45
ORD-10998,2024-04-23,"Zenith Dynamics","Locking Storage Credenza",Furniture,Central,13,429,5577,2730,2847
ORD-10999,2024-11-06,"Zenith Dynamics","Thunderbolt 4 Docking Hub",Accessories,North,2,208,416,190,226
ORD-11000,2025-01-06,"Summit Financial","Mechanical Backlit Keyboard",Accessories,West,2,123,246,96,150
ORD-11001,2024-03-21,"Zenith Dynamics","Ergonomic Executive Chair",Furniture,Central,2,399,798,380,418
ORD-11002,2024-03-22,"Beacon Partners","Mechanical Backlit Keyboard",Accessories,Central,2,123,246,96,150
ORD-11003,2024-04-12,"Cascade Ventures","Thunderbolt 4 Docking Hub",Accessories,South,2,219,438,190,248
ORD-11004,2025-07-26,"Horizon Technologies","Heavy-Duty Paper Shredder",Office Supplies,North,2,147,294,130,164
ORD-11005,2024-12-23,"Summit Financial","Heavy-Duty Paper Shredder",Office Supplies,Central,2,143,286,130,156
ORD-11006,2024-03-15,"Horizon Technologies","Mechanical Backlit Keyboard",Accessories,West,2,119,238,96,142
ORD-11007,2024-03-12,"Velocity Freight","Heavy-Duty Paper Shredder",Office Supplies,South,6,147,882,390,492
ORD-11008,2024-12-13,"Crestview Solutions","Modular Conference Table",Furniture,North,3,1079,3237,1860,1377
ORD-11009,2024-08-13,"Horizon Technologies","Heavy-Duty Paper Shredder",Office Supplies,West,2,151,302,130,172
ORD-11010,2025-12-02,"Horizon Technologies","4K Ultra Monitor 32""",Electronics,East,6,549,3294,1920,1374
ORD-11011,2025-12-21,"Nexus Enterprises","UltraBook Pro 15",Electronics,Central,6,1267,7602,5100,2502
ORD-11012,2025-05-12,"Prime Dynamics","Ergonomic Executive Chair",Furniture,East,1,379,379,190,189
ORD-11013,2024-08-05,"Stellar Media","Enterprise Server X1",Electronics,East,6,2682,16092,10800,5292
ORD-11014,2025-11-18,"Horizon Technologies","Ergonomic Executive Chair",Furniture,Central,2,359,718,380,338
ORD-11015,2024-04-09,"Cascade Ventures","High-Yield Toner Cartridges",Office Supplies,East,1,89,89,28,61
ORD-11016,2024-01-15,"Beacon Partners","Standing Motorized Desk",Furniture,East,5,600,3000,1650,1350
ORD-11017,2024-07-07,"Horizon Technologies","4K Ultra Monitor 32""",Electronics,East,4,508,2032,1280,752
ORD-11018,2025-03-04,"Pinnacle Goods","LaserJet High-Speed Printer",Office Supplies,North,1,462,462,280,182
ORD-11019,2024-02-03,"Pinnacle Goods","Mechanical Backlit Keyboard",Accessories,North,2,119,238,96,142
ORD-11020,2025-09-08,"Zenith Dynamics","Heavy-Duty Paper Shredder",Office Supplies,West,1,147,147,65,82
ORD-11021,2025-11-26,"Beacon Partners","UltraBook Pro 15",Electronics,Central,1,1299,1299,850,449
ORD-11022,2024-07-30,"Velocity Freight","Acoustic Privacy Panel",Furniture,South,2,134,268,120,148
ORD-11023,2025-04-02,"Lumina Systems","High-Yield Toner Cartridges",Office Supplies,West,6,85,510,168,342
ORD-11024,2024-04-20,"Cascade Ventures","1080p Studio Webcam",Accessories,North,1,89,89,38,51
ORD-11025,2025-05-03,"Lumina Systems","4K Ultra Monitor 32""",Electronics,North,1,549,549,320,229
ORD-11026,2025-01-12,"Lumina Systems","Universal Laptop Stand",Accessories,North,1,47,47,16,31
ORD-11027,2024-03-11,"Summit Financial","4K Ultra Monitor 32""",Electronics,South,15,522,7830,4800,3030
ORD-11028,2024-03-18,"Horizon Technologies","1080p Studio Webcam",Accessories,South,1,89,89,38,51
ORD-11029,2024-11-11,"Vertex Health","LaserJet High-Speed Printer",Office Supplies,Central,2,487,974,560,414
ORD-11030,2025-05-28,"Horizon Technologies","Heavy-Duty Paper Shredder",Office Supplies,West,2,151,302,130,172
ORD-11031,2025-01-06,"Global Logistics","LaserJet High-Speed Printer",Office Supplies,Central,3,462,1386,840,546
ORD-11032,2024-07-31,"Velocity Freight","Acoustic Privacy Panel",Furniture,North,4,138,552,240,312
ORD-11033,2025-10-13,"Cascade Ventures","Modular Conference Table",Furniture,North,2,1199,2398,1240,1158
ORD-11034,2025-08-06,"Cascade Ventures","Enterprise Server X1",Electronics,Central,2,2827,5654,3600,2054
ORD-11035,2024-01-06,"Apex Retail","Acoustic Privacy Panel",Furniture,West,17,134,2278,1020,1258
ORD-11036,2025-02-28,"Beacon Partners","Ergonomic Executive Chair",Furniture,East,1,359,359,190,169
ORD-11037,2025-10-14,"Crestview Solutions","Ergonomic Executive Chair",Furniture,North,3,379,1137,570,567
ORD-11038,2024-12-29,"BluePeak Software","Acoustic Privacy Panel",Furniture,South,15,138,2070,900,1170
ORD-11039,2025-05-13,"Vertex Health","Noise-Cancelling Headphones",Electronics,East,6,224,1344,660,684
ORD-11040,2025-06-01,"Quantum Edge","4K Ultra Monitor 32""",Electronics,South,2,549,1098,640,458
ORD-11041,2025-05-12,"Vertex Health","Locking Storage Credenza",Furniture,North,6,429,2574,1260,1314
ORD-11042,2024-03-27,"Beacon Partners","1080p Studio Webcam",Accessories,South,1,99,99,38,61
ORD-11043,2024-04-27,"BluePeak Software","High-Yield Toner Cartridges",Office Supplies,West,4,87,348,112,236
ORD-11044,2024-12-12,"Cascade Ventures","Modular Conference Table",Furniture,Central,1,1079,1079,620,459
ORD-11045,2025-08-04,"Crestview Solutions","LaserJet High-Speed Printer",Office Supplies,Central,5,487,2435,1400,1035
ORD-11046,2024-04-30,"Global Logistics","LaserJet High-Speed Printer",Office Supplies,North,3,449,1347,840,507
ORD-11047,2025-08-01,"Global Logistics","Noise-Cancelling Headphones",Electronics,West,1,249,249,110,139
ORD-11048,2025-04-14,"Vanguard Industrial","UltraBook Pro 15",Electronics,North,1,1202,1202,850,352
ORD-11049,2025-04-10,"Velocity Freight","Universal Laptop Stand",Accessories,South,1,45,45,16,29
ORD-11050,2025-02-07,"Nexus Enterprises","Locking Storage Credenza",Furniture,South,1,408,408,210,198
ORD-11051,2025-02-19,"Velocity Freight","Noise-Cancelling Headphones",Electronics,West,2,224,448,220,228
ORD-11052,2024-12-30,"Apex Retail","Heavy-Duty Paper Shredder",Office Supplies,South,2,147,294,130,164
ORD-11053,2025-05-05,"Velocity Freight","LaserJet High-Speed Printer",Office Supplies,Central,1,499,499,280,219
ORD-11054,2024-12-25,"Pinnacle Goods","1080p Studio Webcam",Accessories,West,2,89,178,76,102
ORD-11055,2025-04-28,"Velocity Freight","High-Yield Toner Cartridges",Office Supplies,Central,4,89,356,112,244
ORD-11056,2024-02-19,"Lumina Systems","4K Ultra Monitor 32""",Electronics,Central,1,494,494,320,174
ORD-11057,2024-08-30,"Prime Dynamics","Noise-Cancelling Headphones",Electronics,Central,1,230,230,110,120
ORD-11058,2024-02-04,"Cascade Ventures","Ergonomic Vertical Mouse",Accessories,South,2,67,134,48,86
ORD-11059,2025-04-21,"Acme Corp","Ergonomic Executive Chair",Furniture,West,6,379,2274,1140,1134
ORD-11060,2024-01-02,"Vertex Health","Thunderbolt 4 Docking Hub",Accessories,East,2,219,438,190,248
ORD-11061,2025-02-17,"Zenith Dynamics","Universal Laptop Stand",Accessories,South,2,47,94,32,62
ORD-11062,2024-09-11,"Quantum Edge","Mechanical Backlit Keyboard",Accessories,Central,4,126,504,192,312
ORD-11063,2024-10-31,"Cascade Ventures","1080p Studio Webcam",Accessories,South,4,99,396,152,244
ORD-11064,2024-04-13,"Velocity Freight","4K Ultra Monitor 32""",Electronics,West,19,508,9652,6080,3572
ORD-11065,2024-02-21,"Crestview Solutions","Locking Storage Credenza",Furniture,East,2,397,794,420,374
ORD-11066,2024-12-30,"Crestview Solutions","Smart Wireless Router",Electronics,North,4,166,664,300,364
ORD-11067,2025-05-13,"Vanguard Industrial","Ergonomic Executive Chair",Furniture,East,2,379,758,380,378
ORD-11068,2025-06-18,"Prime Dynamics","Locking Storage Credenza",Furniture,East,2,429,858,420,438
ORD-11069,2024-04-28,"Beacon Partners","Mechanical Backlit Keyboard",Accessories,North,1,123,123,48,75
ORD-11070,2024-03-24,"Vertex Health","Smart Wireless Router",Electronics,East,4,175,700,300,400
ORD-11071,2024-07-05,"Vanguard Industrial","Heavy-Duty Paper Shredder",Office Supplies,Central,1,159,159,65,94
ORD-11072,2024-08-22,"Summit Financial","Modular Conference Table",Furniture,West,3,1079,3237,1860,1377
ORD-11073,2024-09-10,"Velocity Freight","1080p Studio Webcam",Accessories,West,4,94,376,152,224
ORD-11074,2025-02-06,"Velocity Freight","Thunderbolt 4 Docking Hub",Accessories,South,1,203,203,95,108
ORD-11075,2025-10-14,"Vertex Health","Enterprise Server X1",Electronics,South,2,2827,5654,3600,2054
ORD-11076,2024-08-07,"Nexus Enterprises","Ergonomic Executive Chair",Furniture,South,2,389,778,380,398
ORD-11077,2025-01-30,"Beacon Partners","UltraBook Pro 15",Electronics,Central,5,1169,5845,4250,1595
ORD-11078,2025-08-06,"Crestview Solutions","Heavy-Duty Paper Shredder",Office Supplies,West,6,159,954,390,564
ORD-11079,2025-10-10,"Beacon Partners","Smart Wireless Router",Electronics,West,2,166,332,150,182
ORD-11080,2024-04-12,"Velocity Freight","Enterprise Server X1",Electronics,West,1,2754,2754,1800,954
ORD-11081,2025-11-26,"Global Logistics","4K Ultra Monitor 32""",Electronics,West,1,508,508,320,188
ORD-11082,2024-01-25,"Pinnacle Goods","Heavy-Duty Paper Shredder",Office Supplies,North,2,155,310,130,180
ORD-11083,2024-07-11,"Lumina Systems","1080p Studio Webcam",Accessories,South,1,94,94,38,56
ORD-11084,2024-07-17,"BluePeak Software","Modular Conference Table",Furniture,South,2,1139,2278,1240,1038
ORD-11085,2025-04-16,"Stellar Media","Locking Storage Credenza",Furniture,East,5,418,2090,1050,1040
ORD-11086,2025-08-27,"Horizon Technologies","Acoustic Privacy Panel",Furniture,West,4,138,552,240,312
ORD-11087,2025-05-03,"Nexus Enterprises","Standing Motorized Desk",Furniture,South,1,633,633,330,303
ORD-11088,2025-04-15,"Vertex Health","Heavy-Duty Paper Shredder",Office Supplies,West,1,151,151,65,86
ORD-11089,2025-07-03,"Stellar Media","Heavy-Duty Paper Shredder",Office Supplies,Central,13,159,2067,845,1222
ORD-11090,2024-02-18,"Zenith Dynamics","1080p Studio Webcam",Accessories,Central,2,92,184,76,108
ORD-11091,2025-11-22,"Prime Dynamics","Noise-Cancelling Headphones",Electronics,East,4,224,896,440,456
ORD-11092,2025-11-26,"Horizon Technologies","Modular Conference Table",Furniture,West,2,1109,2218,1240,978
ORD-11093,2024-10-01,"Pinnacle Goods","Universal Laptop Stand",Accessories,West,1,44,44,16,28
ORD-11094,2024-12-09,"Atlas Energy","Ergonomic Vertical Mouse",Accessories,North,12,67,804,288,516
ORD-11095,2024-09-09,"Horizon Technologies","High-Yield Toner Cartridges",Office Supplies,South,4,89,356,112,244
ORD-11096,2025-01-12,"Horizon Technologies","Acoustic Privacy Panel",Furniture,West,2,134,268,120,148
ORD-11097,2024-04-05,"Velocity Freight","Modular Conference Table",Furniture,North,5,1109,5545,3100,2445
ORD-11098,2025-09-09,"Stellar Media","Smart Wireless Router",Electronics,South,1,166,166,75,91
ORD-11099,2024-10-23,"Global Logistics","Standing Motorized Desk",Furniture,Central,2,633,1266,660,606
ORD-11100,2025-09-06,"Vertex Health","Enterprise Server X1",Electronics,West,1,2609,2609,1800,809
ORD-11101,2024-09-29,"Cascade Ventures","4K Ultra Monitor 32""",Electronics,Central,16,549,8784,5120,3664
ORD-11102,2025-11-30,"Acme Corp","Acoustic Privacy Panel",Furniture,South,2,145,290,120,170
ORD-11103,2025-01-17,"Atlas Energy","Heavy-Duty Paper Shredder",Office Supplies,East,2,159,318,130,188
ORD-11104,2025-09-06,"Summit Financial","Ergonomic Executive Chair",Furniture,West,6,399,2394,1140,1254
ORD-11105,2024-03-10,"Acme Corp","Mechanical Backlit Keyboard",Accessories,East,1,119,119,48,71
ORD-11106,2024-03-10,"Horizon Technologies","Enterprise Server X1",Electronics,West,6,2609,15654,10800,4854
ORD-11107,2024-05-04,"Beacon Partners","LaserJet High-Speed Printer",Office Supplies,West,5,449,2245,1400,845
ORD-11108,2025-06-14,"Acme Corp","Smart Wireless Router",Electronics,Central,1,170,170,75,95
ORD-11109,2024-12-06,"Beacon Partners","Smart Wireless Router",Electronics,South,1,175,175,75,100
ORD-11110,2024-07-18,"Quantum Edge","1080p Studio Webcam",Accessories,North,5,94,470,190,280
ORD-11111,2025-07-17,"BluePeak Software","Ergonomic Vertical Mouse",Accessories,Central,1,66,66,24,42
ORD-11112,2025-02-11,"Cascade Ventures","Enterprise Server X1",Electronics,West,1,2827,2827,1800,1027
ORD-11113,2024-02-20,"Atlas Energy","4K Ultra Monitor 32""",Electronics,East,1,535,535,320,215
ORD-11114,2024-04-20,"Vanguard Industrial","Noise-Cancelling Headphones",Electronics,West,3,230,690,330,360
ORD-11115,2024-07-28,"Acme Corp","Locking Storage Credenza",Furniture,East,15,397,5955,3150,2805
ORD-11116,2024-12-10,"Lumina Systems","Standing Motorized Desk",Furniture,Central,1,600,600,330,270
ORD-11117,2025-07-19,"Cascade Ventures","Modular Conference Table",Furniture,North,1,1079,1079,620,459
ORD-11118,2025-02-18,"Prime Dynamics","Modular Conference Table",Furniture,North,1,1139,1139,620,519
ORD-11119,2024-10-19,"Lumina Systems","Standing Motorized Desk",Furniture,South,3,617,1851,990,861
ORD-11120,2025-02-16,"Acme Corp","Acoustic Privacy Panel",Furniture,South,2,149,298,120,178
ORD-11121,2024-08-22,"Stellar Media","Ergonomic Vertical Mouse",Accessories,East,4,64,256,96,160
ORD-11122,2025-07-16,"Atlas Energy","Enterprise Server X1",Electronics,East,3,2754,8262,5400,2862
ORD-11123,2024-11-14,"Vanguard Industrial","4K Ultra Monitor 32""",Electronics,West,2,535,1070,640,430
ORD-11124,2024-11-30,"Global Logistics","Modular Conference Table",Furniture,Central,2,1079,2158,1240,918
ORD-11125,2025-01-01,"Apex Retail","Modular Conference Table",Furniture,East,1,1109,1109,620,489
ORD-11126,2024-08-10,"Beacon Partners","LaserJet High-Speed Printer",Office Supplies,West,1,487,487,280,207
ORD-11127,2025-10-18,"Lumina Systems","Ergonomic Executive Chair",Furniture,Central,1,379,379,190,189
ORD-11128,2025-01-05,"Pinnacle Goods","Ergonomic Executive Chair",Furniture,South,5,399,1995,950,1045
ORD-11129,2024-03-05,"Global Logistics","Modular Conference Table",Furniture,North,5,1079,5395,3100,2295
ORD-11130,2025-02-13,"Apex Retail","Standing Motorized Desk",Furniture,East,2,649,1298,660,638
ORD-11131,2025-05-29,"Apex Retail","High-Yield Toner Cartridges",Office Supplies,West,2,85,170,56,114
ORD-11132,2025-05-26,"Prime Dynamics","Ergonomic Vertical Mouse",Accessories,East,2,67,134,48,86
ORD-11133,2024-09-19,"Apex Retail","Locking Storage Credenza",Furniture,West,1,408,408,210,198
ORD-11134,2024-01-10,"Vanguard Industrial","Modular Conference Table",Furniture,East,2,1109,2218,1240,978
ORD-11135,2024-02-16,"Prime Dynamics","Modular Conference Table",Furniture,South,2,1169,2338,1240,1098
ORD-11136,2024-06-03,"Vertex Health","High-Yield Toner Cartridges",Office Supplies,South,2,80,160,56,104
ORD-11137,2024-09-08,"Prime Dynamics","Acoustic Privacy Panel",Furniture,West,1,134,134,60,74
ORD-11138,2024-03-06,"BluePeak Software","Standing Motorized Desk",Furniture,North,1,600,600,330,270
ORD-11139,2024-01-25,"Vanguard Industrial","Heavy-Duty Paper Shredder",Office Supplies,South,1,159,159,65,94
ORD-11140,2025-03-27,"Prime Dynamics","Ergonomic Vertical Mouse",Accessories,South,5,62,310,120,190
ORD-11141,2025-05-21,"Global Logistics","Locking Storage Credenza",Furniture,Central,2,397,794,420,374
ORD-11142,2025-06-23,"Velocity Freight","LaserJet High-Speed Printer",Office Supplies,West,1,499,499,280,219
ORD-11143,2025-07-01,"Quantum Edge","Noise-Cancelling Headphones",Electronics,South,1,237,237,110,127
ORD-11144,2025-08-05,"Stellar Media","Ergonomic Vertical Mouse",Accessories,East,1,62,62,24,38
ORD-11145,2024-07-02,"Apex Retail","Smart Wireless Router",Electronics,South,1,166,166,75,91
ORD-11146,2025-04-26,"Atlas Energy","LaserJet High-Speed Printer",Office Supplies,East,2,462,924,560,364
ORD-11147,2024-08-20,"Horizon Technologies","UltraBook Pro 15",Electronics,North,2,1267,2534,1700,834
ORD-11148,2024-12-17,"Horizon Technologies","Locking Storage Credenza",Furniture,North,3,397,1191,630,561
ORD-11149,2024-07-09,"Quantum Edge","UltraBook Pro 15",Electronics,West,1,1234,1234,850,384
ORD-11150,2024-05-03,"Acme Corp","Smart Wireless Router",Electronics,South,1,161,161,75,86
ORD-11151,2024-09-12,"Global Logistics","Modular Conference Table",Furniture,West,1,1169,1169,620,549
ORD-11152,2024-12-08,"Pinnacle Goods","Standing Motorized Desk",Furniture,Central,1,600,600,330,270
ORD-11153,2024-07-12,"Vanguard Industrial","Standing Motorized Desk",Furniture,South,1,600,600,330,270
ORD-11154,2025-07-15,"Beacon Partners","Mechanical Backlit Keyboard",Accessories,East,1,126,126,48,78
ORD-11155,2024-05-29,"Apex Retail","Acoustic Privacy Panel",Furniture,North,1,145,145,60,85
ORD-11156,2025-01-19,"Atlas Energy","4K Ultra Monitor 32""",Electronics,Central,1,535,535,320,215
ORD-11157,2025-04-27,"Velocity Freight","High-Yield Toner Cartridges",Office Supplies,North,2,85,170,56,114
ORD-11158,2024-10-05,"Velocity Freight","Ergonomic Executive Chair",Furniture,North,2,399,798,380,418
ORD-11159,2025-09-26,"Quantum Edge","Ergonomic Vertical Mouse",Accessories,Central,4,62,248,96,152
ORD-11160,2025-11-15,"Vanguard Industrial","Ergonomic Vertical Mouse",Accessories,East,2,69,138,48,90
ORD-11161,2025-10-30,"Crestview Solutions","Mechanical Backlit Keyboard",Accessories,Central,3,129,387,144,243
ORD-11162,2024-06-03,"Beacon Partners","1080p Studio Webcam",Accessories,South,2,94,188,76,112
ORD-11163,2025-01-13,"Atlas Energy","Noise-Cancelling Headphones",Electronics,West,2,230,460,220,240
ORD-11164,2025-06-15,"Atlas Energy","Mechanical Backlit Keyboard",Accessories,East,2,126,252,96,156
ORD-11165,2024-12-05,"Horizon Technologies","LaserJet High-Speed Printer",Office Supplies,North,2,462,924,560,364
ORD-11166,2024-08-21,"Horizon Technologies","High-Yield Toner Cartridges",Office Supplies,East,2,87,174,56,118
ORD-11167,2025-06-17,"Atlas Energy","Ergonomic Executive Chair",Furniture,West,2,379,758,380,378
ORD-11168,2025-02-06,"Apex Retail","Heavy-Duty Paper Shredder",Office Supplies,North,5,151,755,325,430
ORD-11169,2024-07-06,"Cascade Ventures","Ergonomic Executive Chair",Furniture,Central,6,399,2394,1140,1254
ORD-11170,2025-09-07,"Pinnacle Goods","4K Ultra Monitor 32""",Electronics,South,17,522,8874,5440,3434
ORD-11171,2024-10-07,"Horizon Technologies","4K Ultra Monitor 32""",Electronics,South,5,494,2470,1600,870
ORD-11172,2024-06-29,"Cascade Ventures","1080p Studio Webcam",Accessories,West,14,94,1316,532,784
ORD-11173,2025-12-16,"Zenith Dynamics","Modular Conference Table",Furniture,South,2,1139,2278,1240,1038
ORD-11174,2025-10-05,"Quantum Edge","1080p Studio Webcam",Accessories,East,2,89,178,76,102
ORD-11175,2024-05-31,"Global Logistics","Modular Conference Table",Furniture,Central,2,1079,2158,1240,918
ORD-11176,2024-02-15,"Prime Dynamics","Mechanical Backlit Keyboard",Accessories,Central,2,126,252,96,156
ORD-11177,2025-12-01,"Crestview Solutions","Thunderbolt 4 Docking Hub",Accessories,West,1,214,214,95,119
ORD-11178,2024-02-09,"Stellar Media","Mechanical Backlit Keyboard",Accessories,South,2,116,232,96,136
ORD-11179,2025-12-29,"BluePeak Software","Standing Motorized Desk",Furniture,East,2,600,1200,660,540
ORD-11180,2025-01-27,"Acme Corp","1080p Studio Webcam",Accessories,Central,2,89,178,76,102
ORD-11181,2025-05-27,"Horizon Technologies","1080p Studio Webcam",Accessories,North,1,92,92,38,54
ORD-11182,2025-06-04,"Beacon Partners","Universal Laptop Stand",Accessories,East,1,45,45,16,29
ORD-11183,2025-01-21,"Stellar Media","UltraBook Pro 15",Electronics,Central,16,1169,18704,13600,5104
ORD-11184,2024-02-24,"Apex Retail","Heavy-Duty Paper Shredder",Office Supplies,Central,6,143,858,390,468
ORD-11185,2024-03-29,"Velocity Freight","Locking Storage Credenza",Furniture,East,1,418,418,210,208
ORD-11186,2025-09-12,"Apex Retail","UltraBook Pro 15",Electronics,West,8,1169,9352,6800,2552
ORD-11187,2024-02-28,"Prime Dynamics","UltraBook Pro 15",Electronics,Central,1,1202,1202,850,352
ORD-11188,2024-04-08,"Summit Financial","Universal Laptop Stand",Accessories,East,3,48,144,48,96
ORD-11189,2024-11-03,"Prime Dynamics","1080p Studio Webcam",Accessories,North,2,99,198,76,122
ORD-11190,2025-04-11,"Stellar Media","1080p Studio Webcam",Accessories,West,2,92,184,76,108
ORD-11191,2025-05-07,"Quantum Edge","Smart Wireless Router",Electronics,East,2,166,332,150,182
ORD-11192,2024-04-23,"Apex Retail","LaserJet High-Speed Printer",Office Supplies,North,2,487,974,560,414
ORD-11193,2025-05-02,"Stellar Media","Noise-Cancelling Headphones",Electronics,East,3,249,747,330,417
ORD-11194,2025-04-24,"Beacon Partners","Smart Wireless Router",Electronics,South,1,175,175,75,100
ORD-11195,2025-12-08,"Acme Corp","1080p Studio Webcam",Accessories,East,2,97,194,76,118
ORD-11196,2024-03-03,"Beacon Partners","Ergonomic Vertical Mouse",Accessories,North,1,62,62,24,38
ORD-11197,2025-12-28,"Global Logistics","Thunderbolt 4 Docking Hub",Accessories,North,5,219,1095,475,620
ORD-11198,2025-07-24,"Zenith Dynamics","1080p Studio Webcam",Accessories,East,2,97,194,76,118
ORD-11199,2025-08-09,"Pinnacle Goods","LaserJet High-Speed Printer",Office Supplies,South,2,474,948,560,388
ORD-11200,2025-03-24,"Summit Financial","UltraBook Pro 15",Electronics,South,3,1299,3897,2550,1347
ORD-11201,2025-01-07,"Global Logistics","Standing Motorized Desk",Furniture,West,2,584,1168,660,508
ORD-11202,2025-06-26,"Cascade Ventures","High-Yield Toner Cartridges",Office Supplies,South,1,85,85,28,57
ORD-11203,2024-11-05,"Cascade Ventures","Heavy-Duty Paper Shredder",Office Supplies,South,1,159,159,65,94
ORD-11204,2024-02-20,"Global Logistics","Ergonomic Executive Chair",Furniture,South,1,389,389,190,199
ORD-11205,2025-08-20,"Vanguard Industrial","Heavy-Duty Paper Shredder",Office Supplies,West,2,155,310,130,180
ORD-11206,2024-09-06,"Zenith Dynamics","Heavy-Duty Paper Shredder",Office Supplies,West,2,159,318,130,188
ORD-11207,2024-09-30,"Zenith Dynamics","LaserJet High-Speed Printer",Office Supplies,Central,2,499,998,560,438
ORD-11208,2025-11-22,"Zenith Dynamics","Mechanical Backlit Keyboard",Accessories,West,1,116,116,48,68
ORD-11209,2024-07-27,"Summit Financial","UltraBook Pro 15",Electronics,West,1,1202,1202,850,352
ORD-11210,2024-09-08,"Atlas Energy","Noise-Cancelling Headphones",Electronics,East,1,230,230,110,120
ORD-11211,2024-02-05,"Horizon Technologies","Mechanical Backlit Keyboard",Accessories,North,5,126,630,240,390
ORD-11212,2024-05-05,"Quantum Edge","LaserJet High-Speed Printer",Office Supplies,Central,3,487,1461,840,621
ORD-11213,2025-10-14,"Apex Retail","1080p Studio Webcam",Accessories,South,1,94,94,38,56
ORD-11214,2024-01-25,"Apex Retail","High-Yield Toner Cartridges",Office Supplies,West,1,85,85,28,57
ORD-11215,2025-10-28,"Global Logistics","Smart Wireless Router",Electronics,East,1,170,170,75,95
ORD-11216,2025-11-19,"Summit Financial","Ergonomic Vertical Mouse",Accessories,Central,13,66,858,312,546
ORD-11217,2025-08-22,"Cascade Ventures","Smart Wireless Router",Electronics,East,4,170,680,300,380
ORD-11218,2024-11-12,"Vertex Health","UltraBook Pro 15",Electronics,North,2,1234,2468,1700,768
ORD-11219,2024-10-24,"Prime Dynamics","High-Yield Toner Cartridges",Office Supplies,East,4,80,320,112,208
ORD-11220,2024-08-29,"Atlas Energy","Acoustic Privacy Panel",Furniture,East,1,134,134,60,74
ORD-11221,2025-04-15,"Cascade Ventures","Heavy-Duty Paper Shredder",Office Supplies,Central,5,147,735,325,410
ORD-11222,2024-05-27,"BluePeak Software","Acoustic Privacy Panel",Furniture,West,1,142,142,60,82
ORD-11223,2024-12-13,"Horizon Technologies","Ergonomic Executive Chair",Furniture,East,1,369,369,190,179
ORD-11224,2024-12-06,"Global Logistics","Ergonomic Executive Chair",Furniture,Central,6,369,2214,1140,1074
ORD-11225,2024-06-27,"Atlas Energy","4K Ultra Monitor 32""",Electronics,East,2,549,1098,640,458
ORD-11226,2024-05-07,"Nexus Enterprises","High-Yield Toner Cartridges",Office Supplies,East,4,80,320,112,208
ORD-11227,2025-08-15,"Quantum Edge","Heavy-Duty Paper Shredder",Office Supplies,West,4,147,588,260,328
ORD-11228,2024-11-24,"Stellar Media","High-Yield Toner Cartridges",Office Supplies,North,5,80,400,140,260
ORD-11229,2024-09-07,"Stellar Media","Standing Motorized Desk",Furniture,East,1,617,617,330,287
ORD-11230,2025-03-13,"Stellar Media","Mechanical Backlit Keyboard",Accessories,South,2,126,252,96,156
ORD-11231,2025-06-21,"Horizon Technologies","Mechanical Backlit Keyboard",Accessories,Central,1,123,123,48,75
ORD-11232,2025-10-16,"Quantum Edge","Modular Conference Table",Furniture,North,2,1169,2338,1240,1098
ORD-11233,2025-06-28,"Acme Corp","LaserJet High-Speed Printer",Office Supplies,West,2,449,898,560,338
ORD-11234,2024-01-17,"Beacon Partners","LaserJet High-Speed Printer",Office Supplies,South,1,462,462,280,182
ORD-11235,2025-07-05,"Vertex Health","Ergonomic Vertical Mouse",Accessories,East,2,69,138,48,90
ORD-11236,2024-05-04,"BluePeak Software","1080p Studio Webcam",Accessories,Central,10,92,920,380,540
ORD-11237,2024-06-10,"Summit Financial","Thunderbolt 4 Docking Hub",Accessories,North,2,197,394,190,204
ORD-11238,2025-08-31,"Nexus Enterprises","Smart Wireless Router",Electronics,West,1,179,179,75,104
ORD-11239,2025-07-25,"Velocity Freight","Heavy-Duty Paper Shredder",Office Supplies,West,2,151,302,130,172
ORD-11240,2024-07-02,"Atlas Energy","LaserJet High-Speed Printer",Office Supplies,North,2,462,924,560,364
ORD-11241,2024-02-06,"Crestview Solutions","Mechanical Backlit Keyboard",Accessories,South,2,129,258,96,162
ORD-11242,2025-01-05,"Atlas Energy","Thunderbolt 4 Docking Hub",Accessories,Central,1,219,219,95,124
ORD-11243,2024-01-23,"Global Logistics","Heavy-Duty Paper Shredder",Office Supplies,North,2,159,318,130,188
ORD-11244,2024-08-19,"Nexus Enterprises","Standing Motorized Desk",Furniture,South,1,584,584,330,254
ORD-11245,2024-07-06,"Nexus Enterprises","Ergonomic Executive Chair",Furniture,East,9,369,3321,1710,1611
ORD-11246,2024-12-10,"Pinnacle Goods","UltraBook Pro 15",Electronics,South,1,1299,1299,850,449
ORD-11247,2025-02-08,"Global Logistics","Thunderbolt 4 Docking Hub",Accessories,Central,1,208,208,95,113
ORD-11248,2025-11-20,"Crestview Solutions","UltraBook Pro 15",Electronics,West,6,1299,7794,5100,2694
ORD-11249,2024-12-27,"Stellar Media","LaserJet High-Speed Printer",Office Supplies,East,2,487,974,560,414
ORD-11250,2025-05-10,"Crestview Solutions","Noise-Cancelling Headphones",Electronics,East,2,224,448,220,228
ORD-11251,2024-12-28,"Velocity Freight","Mechanical Backlit Keyboard",Accessories,Central,2,129,258,96,162
ORD-11252,2024-01-13,"Atlas Energy","Smart Wireless Router",Electronics,West,2,161,322,150,172
ORD-11253,2025-03-18,"Lumina Systems","4K Ultra Monitor 32""",Electronics,East,2,494,988,640,348
ORD-11254,2025-08-21,"Summit Financial","Heavy-Duty Paper Shredder",Office Supplies,East,2,147,294,130,164
ORD-11255,2025-11-24,"Stellar Media","Universal Laptop Stand",Accessories,West,2,44,88,32,56
ORD-11256,2024-07-05,"Cascade Ventures","1080p Studio Webcam",Accessories,West,1,97,97,38,59
ORD-11257,2025-09-03,"Beacon Partners","LaserJet High-Speed Printer",Office Supplies,North,2,449,898,560,338
ORD-11258,2024-06-08,"Nexus Enterprises","LaserJet High-Speed Printer",Office Supplies,South,5,449,2245,1400,845
ORD-11259,2025-01-28,"Vertex Health","Smart Wireless Router",Electronics,Central,2,175,350,150,200
ORD-11260,2024-12-05,"Vertex Health","Ergonomic Executive Chair",Furniture,Central,3,379,1137,570,567
ORD-11261,2025-06-18,"Zenith Dynamics","Enterprise Server X1",Electronics,West,2,2609,5218,3600,1618
ORD-11262,2024-10-01,"Horizon Technologies","UltraBook Pro 15",Electronics,North,1,1202,1202,850,352
ORD-11263,2025-03-25,"Stellar Media","Mechanical Backlit Keyboard",Accessories,East,2,123,246,96,150
ORD-11264,2024-10-26,"BluePeak Software","Standing Motorized Desk",Furniture,West,4,649,2596,1320,1276
ORD-11265,2025-05-13,"Prime Dynamics","Smart Wireless Router",Electronics,North,2,170,340,150,190
ORD-11266,2024-06-02,"Zenith Dynamics","Enterprise Server X1",Electronics,Central,1,2682,2682,1800,882
ORD-11267,2024-05-04,"Global Logistics","Ergonomic Executive Chair",Furniture,North,2,399,798,380,418
ORD-11268,2024-10-02,"Cascade Ventures","Mechanical Backlit Keyboard",Accessories,Central,4,126,504,192,312
ORD-11269,2024-04-28,"Pinnacle Goods","Universal Laptop Stand",Accessories,North,1,48,48,16,32
ORD-11270,2025-11-07,"Beacon Partners","1080p Studio Webcam",Accessories,Central,2,89,178,76,102
ORD-11271,2024-09-30,"Summit Financial","LaserJet High-Speed Printer",Office Supplies,East,1,487,487,280,207
ORD-11272,2024-10-11,"Acme Corp","Modular Conference Table",Furniture,North,3,1109,3327,1860,1467
ORD-11273,2025-03-13,"Beacon Partners","Universal Laptop Stand",Accessories,North,3,47,141,48,93
ORD-11274,2025-03-07,"Quantum Edge","Locking Storage Credenza",Furniture,West,1,408,408,210,198
ORD-11275,2025-08-13,"Lumina Systems","Standing Motorized Desk",Furniture,West,2,633,1266,660,606
ORD-11276,2024-03-15,"Cascade Ventures","Locking Storage Credenza",Furniture,East,1,386,386,210,176
ORD-11277,2025-11-20,"Beacon Partners","LaserJet High-Speed Printer",Office Supplies,East,1,474,474,280,194
ORD-11278,2024-09-04,"Atlas Energy","High-Yield Toner Cartridges",Office Supplies,West,1,80,80,28,52
ORD-11279,2024-09-14,"Summit Financial","Modular Conference Table",Furniture,North,2,1109,2218,1240,978
ORD-11280,2024-09-14,"Global Logistics","High-Yield Toner Cartridges",Office Supplies,West,10,85,850,280,570
ORD-11281,2025-10-12,"Velocity Freight","Smart Wireless Router",Electronics,North,1,175,175,75,100
ORD-11282,2024-07-13,"Stellar Media","LaserJet High-Speed Printer",Office Supplies,West,2,499,998,560,438
ORD-11283,2025-06-15,"Vanguard Industrial","LaserJet High-Speed Printer",Office Supplies,South,2,487,974,560,414
ORD-11284,2024-10-11,"Crestview Solutions","Enterprise Server X1",Electronics,North,1,2754,2754,1800,954
ORD-11285,2025-07-09,"Velocity Freight","Universal Laptop Stand",Accessories,East,1,44,44,16,28
ORD-11286,2025-12-24,"Global Logistics","Standing Motorized Desk",Furniture,South,1,600,600,330,270
ORD-11287,2025-06-26,"Zenith Dynamics","Enterprise Server X1",Electronics,North,2,2827,5654,3600,2054
ORD-11288,2025-07-04,"Vanguard Industrial","Modular Conference Table",Furniture,North,1,1079,1079,620,459
ORD-11289,2024-02-13,"Summit Financial","Thunderbolt 4 Docking Hub",Accessories,South,1,197,197,95,102
ORD-11290,2025-09-29,"Quantum Edge","Enterprise Server X1",Electronics,East,12,2682,32184,21600,10584
ORD-11291,2024-04-29,"Apex Retail","1080p Studio Webcam",Accessories,East,5,97,485,190,295
ORD-11292,2025-09-08,"Velocity Freight","Enterprise Server X1",Electronics,West,1,2754,2754,1800,954
ORD-11293,2025-05-23,"Global Logistics","Enterprise Server X1",Electronics,Central,2,2682,5364,3600,1764
ORD-11294,2025-10-19,"Summit Financial","Standing Motorized Desk",Furniture,West,1,584,584,330,254
ORD-11295,2024-07-15,"Cascade Ventures","Thunderbolt 4 Docking Hub",Accessories,Central,3,203,609,285,324
ORD-11296,2024-04-05,"Apex Retail","1080p Studio Webcam",Accessories,East,1,99,99,38,61
ORD-11297,2025-10-09,"Vanguard Industrial","Heavy-Duty Paper Shredder",Office Supplies,East,4,155,620,260,360
ORD-11298,2024-06-28,"Crestview Solutions","Enterprise Server X1",Electronics,South,1,2827,2827,1800,1027
ORD-11299,2024-03-04,"Summit Financial","High-Yield Toner Cartridges",Office Supplies,Central,2,80,160,56,104
ORD-11300,2024-01-30,"Zenith Dynamics","Ergonomic Vertical Mouse",Accessories,Central,2,62,124,48,76
ORD-11301,2025-05-19,"Stellar Media","Mechanical Backlit Keyboard",Accessories,East,2,129,258,96,162
ORD-11302,2024-12-20,"Apex Retail","UltraBook Pro 15",Electronics,North,2,1299,2598,1700,898
ORD-11303,2024-07-16,"Pinnacle Goods","Locking Storage Credenza",Furniture,West,1,408,408,210,198
ORD-11304,2025-01-17,"Apex Retail","Mechanical Backlit Keyboard",Accessories,South,1,129,129,48,81
ORD-11305,2024-06-27,"BluePeak Software","UltraBook Pro 15",Electronics,North,2,1267,2534,1700,834
ORD-11306,2024-12-30,"Nexus Enterprises","1080p Studio Webcam",Accessories,North,1,89,89,38,51
ORD-11307,2025-04-26,"Quantum Edge","Enterprise Server X1",Electronics,North,1,2827,2827,1800,1027
ORD-11308,2024-07-21,"Prime Dynamics","High-Yield Toner Cartridges",Office Supplies,Central,2,82,164,56,108
ORD-11309,2025-04-14,"Quantum Edge","Mechanical Backlit Keyboard",Accessories,West,6,116,696,288,408
ORD-11310,2024-01-13,"Horizon Technologies","Locking Storage Credenza",Furniture,East,2,408,816,420,396
ORD-11311,2025-01-01,"Beacon Partners","Heavy-Duty Paper Shredder",Office Supplies,South,1,159,159,65,94
ORD-11312,2025-03-27,"BluePeak Software","Noise-Cancelling Headphones",Electronics,West,3,230,690,330,360
ORD-11313,2025-01-06,"Horizon Technologies","UltraBook Pro 15",Electronics,South,9,1202,10818,7650,3168
ORD-11314,2025-09-02,"Quantum Edge","Noise-Cancelling Headphones",Electronics,North,2,243,486,220,266
ORD-11315,2024-09-06,"Pinnacle Goods","Thunderbolt 4 Docking Hub",Accessories,West,1,197,197,95,102
ORD-11316,2024-02-10,"Lumina Systems","Locking Storage Credenza",Furniture,West,2,386,772,420,352
ORD-11317,2024-05-24,"Global Logistics","Thunderbolt 4 Docking Hub",Accessories,East,4,208,832,380,452
ORD-11318,2025-06-14,"Nexus Enterprises","Mechanical Backlit Keyboard",Accessories,Central,2,116,232,96,136
ORD-11319,2025-02-19,"Atlas Energy","1080p Studio Webcam",Accessories,East,2,92,184,76,108
ORD-11320,2024-12-29,"Lumina Systems","Thunderbolt 4 Docking Hub",Accessories,North,1,208,208,95,113
ORD-11321,2025-05-22,"Horizon Technologies","Universal Laptop Stand",Accessories,North,1,49,49,16,33
ORD-11322,2025-12-09,"Acme Corp","4K Ultra Monitor 32""",Electronics,East,2,535,1070,640,430
ORD-11323,2025-04-25,"Quantum Edge","Universal Laptop Stand",Accessories,North,2,49,98,32,66
ORD-11324,2024-04-28,"Global Logistics","Smart Wireless Router",Electronics,North,2,166,332,150,182
ORD-11325,2024-05-10,"Zenith Dynamics","4K Ultra Monitor 32""",Electronics,West,1,508,508,320,188
ORD-11326,2025-03-10,"Global Logistics","Noise-Cancelling Headphones",Electronics,South,2,237,474,220,254
ORD-11327,2024-01-31,"Crestview Solutions","LaserJet High-Speed Printer",Office Supplies,Central,3,474,1422,840,582
ORD-11328,2024-03-17,"Quantum Edge","Thunderbolt 4 Docking Hub",Accessories,North,2,208,416,190,226
ORD-11329,2024-06-12,"Stellar Media","Smart Wireless Router",Electronics,East,3,175,525,225,300
ORD-11330,2024-07-03,"Vertex Health","Mechanical Backlit Keyboard",Accessories,West,2,123,246,96,150
ORD-11331,2025-04-30,"Nexus Enterprises","Enterprise Server X1",Electronics,West,1,2682,2682,1800,882
ORD-11332,2024-12-02,"Beacon Partners","Smart Wireless Router",Electronics,West,2,170,340,150,190
ORD-11333,2025-06-02,"Summit Financial","1080p Studio Webcam",Accessories,Central,2,94,188,76,112
ORD-11334,2025-07-23,"Cascade Ventures","Thunderbolt 4 Docking Hub",Accessories,North,1,214,214,95,119
ORD-11335,2024-06-12,"Summit Financial","Enterprise Server X1",Electronics,Central,5,2899,14495,9000,5495
ORD-11336,2024-08-31,"Nexus Enterprises","Mechanical Backlit Keyboard",Accessories,Central,5,123,615,240,375
ORD-11337,2024-09-24,"Stellar Media","UltraBook Pro 15",Electronics,South,2,1267,2534,1700,834
ORD-11338,2024-11-08,"Pinnacle Goods","LaserJet High-Speed Printer",Office Supplies,North,2,449,898,560,338
ORD-11339,2024-01-29,"Prime Dynamics","Standing Motorized Desk",Furniture,North,2,617,1234,660,574
ORD-11340,2024-09-03,"BluePeak Software","Acoustic Privacy Panel",Furniture,East,4,142,568,240,328
ORD-11341,2025-12-24,"Velocity Freight","Mechanical Backlit Keyboard",Accessories,Central,2,116,232,96,136
ORD-11342,2025-06-22,"Beacon Partners","LaserJet High-Speed Printer",Office Supplies,Central,1,487,487,280,207
ORD-11343,2025-03-22,"Global Logistics","Smart Wireless Router",Electronics,South,3,161,483,225,258
ORD-11344,2025-08-28,"Horizon Technologies","Locking Storage Credenza",Furniture,East,2,429,858,420,438
ORD-11345,2024-09-16,"Cascade Ventures","Smart Wireless Router",Electronics,North,1,161,161,75,86
ORD-11346,2024-03-19,"Pinnacle Goods","Noise-Cancelling Headphones",Electronics,Central,1,243,243,110,133
ORD-11347,2025-09-20,"Vanguard Industrial","Heavy-Duty Paper Shredder",Office Supplies,West,2,155,310,130,180
ORD-11348,2025-08-07,"Vanguard Industrial","Modular Conference Table",Furniture,East,4,1199,4796,2480,2316
ORD-11349,2025-06-22,"Lumina Systems","Noise-Cancelling Headphones",Electronics,Central,2,237,474,220,254
ORD-11350,2024-01-03,"Prime Dynamics","Ergonomic Executive Chair",Furniture,South,1,379,379,190,189
ORD-11351,2025-12-27,"Nexus Enterprises","1080p Studio Webcam",Accessories,North,1,89,89,38,51
ORD-11352,2024-11-04,"Lumina Systems","Enterprise Server X1",Electronics,South,2,2609,5218,3600,1618
ORD-11353,2024-05-02,"BluePeak Software","4K Ultra Monitor 32""",Electronics,East,2,522,1044,640,404
ORD-11354,2025-09-15,"Vertex Health","Heavy-Duty Paper Shredder",Office Supplies,West,5,155,775,325,450
ORD-11355,2024-02-27,"Summit Financial","Universal Laptop Stand",Accessories,South,12,44,528,192,336
ORD-11356,2024-07-19,"Crestview Solutions","Smart Wireless Router",Electronics,Central,2,175,350,150,200
ORD-11357,2024-08-04,"Vertex Health","Heavy-Duty Paper Shredder",Office Supplies,South,5,143,715,325,390
ORD-11358,2025-03-27,"Beacon Partners","Heavy-Duty Paper Shredder",Office Supplies,East,1,147,147,65,82
ORD-11359,2024-06-25,"Vertex Health","Locking Storage Credenza",Furniture,West,5,397,1985,1050,935
ORD-11360,2024-06-19,"Horizon Technologies","Ergonomic Vertical Mouse",Accessories,Central,4,62,248,96,152
ORD-11361,2025-12-03,"Crestview Solutions","4K Ultra Monitor 32""",Electronics,Central,2,549,1098,640,458
ORD-11362,2025-12-17,"Zenith Dynamics","Mechanical Backlit Keyboard",Accessories,East,2,119,238,96,142
ORD-11363,2025-03-03,"Global Logistics","Thunderbolt 4 Docking Hub",Accessories,North,1,214,214,95,119
ORD-11364,2024-01-21,"Atlas Energy","Ergonomic Executive Chair",Furniture,East,2,359,718,380,338
ORD-11365,2024-10-31,"BluePeak Software","Enterprise Server X1",Electronics,West,1,2827,2827,1800,1027
ORD-11366,2024-07-15,"Atlas Energy","1080p Studio Webcam",Accessories,South,2,92,184,76,108
ORD-11367,2025-06-15,"Lumina Systems","UltraBook Pro 15",Electronics,North,2,1267,2534,1700,834
ORD-11368,2024-12-01,"BluePeak Software","Smart Wireless Router",Electronics,West,1,175,175,75,100
ORD-11369,2024-05-26,"Apex Retail","Thunderbolt 4 Docking Hub",Accessories,North,14,214,2996,1330,1666
ORD-11370,2025-12-17,"Prime Dynamics","Smart Wireless Router",Electronics,East,1,179,179,75,104
ORD-11371,2024-01-21,"Horizon Technologies","4K Ultra Monitor 32""",Electronics,West,1,508,508,320,188
ORD-11372,2024-08-03,"Apex Retail","Locking Storage Credenza",Furniture,East,4,386,1544,840,704
ORD-11373,2025-05-30,"Prime Dynamics","Thunderbolt 4 Docking Hub",Accessories,North,1,214,214,95,119
ORD-11374,2024-01-29,"Crestview Solutions","Thunderbolt 4 Docking Hub",Accessories,West,1,208,208,95,113
ORD-11375,2024-12-09,"Beacon Partners","1080p Studio Webcam",Accessories,South,4,97,388,152,236
ORD-11376,2025-08-18,"Nexus Enterprises","Thunderbolt 4 Docking Hub",Accessories,South,1,203,203,95,108
ORD-11377,2024-10-24,"Summit Financial","4K Ultra Monitor 32""",Electronics,South,1,535,535,320,215
ORD-11378,2025-04-15,"Atlas Energy","Thunderbolt 4 Docking Hub",Accessories,East,1,208,208,95,113
ORD-11379,2024-06-17,"Nexus Enterprises","UltraBook Pro 15",Electronics,South,2,1299,2598,1700,898
ORD-11380,2024-02-08,"Zenith Dynamics","UltraBook Pro 15",Electronics,West,5,1267,6335,4250,2085
ORD-11381,2025-06-18,"Apex Retail","Modular Conference Table",Furniture,North,1,1139,1139,620,519
ORD-11382,2025-09-22,"Atlas Energy","Modular Conference Table",Furniture,Central,3,1139,3417,1860,1557
ORD-11383,2025-10-09,"Stellar Media","Standing Motorized Desk",Furniture,West,5,633,3165,1650,1515
ORD-11384,2025-04-20,"Prime Dynamics","Standing Motorized Desk",Furniture,Central,1,633,633,330,303
ORD-11385,2025-04-08,"Zenith Dynamics","Thunderbolt 4 Docking Hub",Accessories,North,1,219,219,95,124
ORD-11386,2025-08-30,"Velocity Freight","Enterprise Server X1",Electronics,North,2,2827,5654,3600,2054
ORD-11387,2024-08-21,"Crestview Solutions","Heavy-Duty Paper Shredder",Office Supplies,Central,2,151,302,130,172
ORD-11388,2024-11-30,"Apex Retail","Ergonomic Executive Chair",Furniture,West,17,379,6443,3230,3213
ORD-11389,2025-08-09,"Lumina Systems","Noise-Cancelling Headphones",Electronics,North,1,249,249,110,139
ORD-11390,2025-04-19,"Velocity Freight","Smart Wireless Router",Electronics,North,3,175,525,225,300
ORD-11391,2024-07-03,"Acme Corp","Heavy-Duty Paper Shredder",Office Supplies,West,2,147,294,130,164
ORD-11392,2025-06-07,"Atlas Energy","Standing Motorized Desk",Furniture,South,1,600,600,330,270
ORD-11393,2025-02-14,"Cascade Ventures","UltraBook Pro 15",Electronics,North,3,1234,3702,2550,1152
ORD-11394,2025-11-10,"Cascade Ventures","1080p Studio Webcam",Accessories,North,2,94,188,76,112
ORD-11395,2024-12-23,"Atlas Energy","Ergonomic Vertical Mouse",Accessories,Central,9,62,558,216,342
ORD-11396,2025-12-09,"Global Logistics","1080p Studio Webcam",Accessories,North,1,89,89,38,51
ORD-11397,2024-10-30,"Velocity Freight","Thunderbolt 4 Docking Hub",Accessories,West,1,219,219,95,124
ORD-11398,2024-01-28,"Vertex Health","4K Ultra Monitor 32""",Electronics,West,1,508,508,320,188
ORD-11399,2025-08-03,"Global Logistics","Thunderbolt 4 Docking Hub",Accessories,North,1,203,203,95,108
ORD-11400,2025-03-27,"Pinnacle Goods","Acoustic Privacy Panel",Furniture,South,1,149,149,60,89
ORD-11401,2024-07-20,"Zenith Dynamics","LaserJet High-Speed Printer",Office Supplies,East,1,499,499,280,219
ORD-11402,2025-11-25,"Velocity Freight","Heavy-Duty Paper Shredder",Office Supplies,East,2,147,294,130,164
ORD-11403,2024-11-30,"Apex Retail","High-Yield Toner Cartridges",Office Supplies,North,6,82,492,168,324
ORD-11404,2024-04-01,"Crestview Solutions","Thunderbolt 4 Docking Hub",Accessories,South,6,197,1182,570,612
ORD-11405,2024-09-16,"Nexus Enterprises","Modular Conference Table",Furniture,Central,1,1109,1109,620,489
ORD-11406,2025-09-12,"Nexus Enterprises","Ergonomic Executive Chair",Furniture,West,1,369,369,190,179
ORD-11407,2024-12-29,"Vanguard Industrial","Universal Laptop Stand",Accessories,North,1,49,49,16,33
ORD-11408,2025-11-03,"Summit Financial","1080p Studio Webcam",Accessories,West,2,92,184,76,108
ORD-11409,2025-06-04,"Stellar Media","Modular Conference Table",Furniture,South,1,1079,1079,620,459
ORD-11410,2024-08-17,"Pinnacle Goods","Mechanical Backlit Keyboard",Accessories,Central,4,119,476,192,284
ORD-11411,2025-02-20,"Horizon Technologies","Enterprise Server X1",Electronics,North,2,2682,5364,3600,1764
ORD-11412,2025-12-03,"Summit Financial","Thunderbolt 4 Docking Hub",Accessories,West,1,214,214,95,119
ORD-11413,2024-12-22,"Prime Dynamics","Smart Wireless Router",Electronics,South,2,175,350,150,200
ORD-11414,2024-06-07,"Nexus Enterprises","Thunderbolt 4 Docking Hub",Accessories,West,1,214,214,95,119
ORD-11415,2025-01-11,"Zenith Dynamics","Locking Storage Credenza",Furniture,Central,2,386,772,420,352
ORD-11416,2025-11-15,"Apex Retail","Smart Wireless Router",Electronics,East,1,179,179,75,104
ORD-11417,2025-07-20,"BluePeak Software","4K Ultra Monitor 32""",Electronics,Central,1,494,494,320,174
ORD-11418,2024-07-30,"Quantum Edge","Standing Motorized Desk",Furniture,West,2,600,1200,660,540
ORD-11419,2025-02-27,"Nexus Enterprises","Heavy-Duty Paper Shredder",Office Supplies,South,4,143,572,260,312
ORD-11420,2024-05-03,"Crestview Solutions","Universal Laptop Stand",Accessories,North,2,49,98,32,66
ORD-11421,2024-05-25,"Velocity Freight","Ergonomic Executive Chair",Furniture,Central,1,389,389,190,199
ORD-11422,2024-08-30,"Vanguard Industrial","LaserJet High-Speed Printer",Office Supplies,East,1,462,462,280,182
ORD-11423,2024-08-13,"Velocity Freight","Enterprise Server X1",Electronics,West,1,2682,2682,1800,882
ORD-11424,2024-04-27,"Quantum Edge","Smart Wireless Router",Electronics,West,1,166,166,75,91
ORD-11425,2024-03-20,"Pinnacle Goods","Ergonomic Vertical Mouse",Accessories,South,1,67,67,24,43
ORD-11426,2024-03-23,"Global Logistics","Acoustic Privacy Panel",Furniture,North,1,149,149,60,89
ORD-11427,2024-03-09,"Horizon Technologies","Enterprise Server X1",Electronics,Central,2,2899,5798,3600,2198
ORD-11428,2025-08-25,"Lumina Systems","Noise-Cancelling Headphones",Electronics,South,1,230,230,110,120
ORD-11429,2024-12-27,"Nexus Enterprises","Enterprise Server X1",Electronics,West,1,2682,2682,1800,882
ORD-11430,2025-10-26,"Cascade Ventures","Ergonomic Vertical Mouse",Accessories,South,1,69,69,24,45
ORD-11431,2024-10-22,"Prime Dynamics","High-Yield Toner Cartridges",Office Supplies,West,4,82,328,112,216
ORD-11432,2024-10-03,"Vanguard Industrial","Ergonomic Vertical Mouse",Accessories,South,4,64,256,96,160
ORD-11433,2025-01-24,"Beacon Partners","Noise-Cancelling Headphones",Electronics,North,1,230,230,110,120
ORD-11434,2025-07-06,"Velocity Freight","4K Ultra Monitor 32""",Electronics,South,5,522,2610,1600,1010
ORD-11435,2025-05-07,"Atlas Energy","Acoustic Privacy Panel",Furniture,East,2,134,268,120,148
ORD-11436,2025-09-30,"Horizon Technologies","Smart Wireless Router",Electronics,Central,2,179,358,150,208
ORD-11437,2025-08-07,"Nexus Enterprises","Ergonomic Vertical Mouse",Accessories,Central,1,64,64,24,40
ORD-11438,2024-08-08,"Pinnacle Goods","Noise-Cancelling Headphones",Electronics,East,2,243,486,220,266
ORD-11439,2025-09-15,"Summit Financial","1080p Studio Webcam",Accessories,West,2,92,184,76,108
ORD-11440,2024-11-28,"Zenith Dynamics","4K Ultra Monitor 32""",Electronics,West,14,535,7490,4480,3010
ORD-11441,2024-05-10,"Vertex Health","High-Yield Toner Cartridges",Office Supplies,South,4,82,328,112,216
ORD-11442,2024-10-09,"Summit Financial","Enterprise Server X1",Electronics,East,5,2609,13045,9000,4045
ORD-11443,2025-04-08,"Vanguard Industrial","Modular Conference Table",Furniture,South,2,1169,2338,1240,1098
ORD-11444,2024-06-07,"Vanguard Industrial","Universal Laptop Stand",Accessories,West,6,48,288,96,192
ORD-11445,2024-10-10,"Stellar Media","High-Yield Toner Cartridges",Office Supplies,South,1,89,89,28,61
ORD-11446,2024-07-06,"Apex Retail","Standing Motorized Desk",Furniture,West,1,617,617,330,287
ORD-11447,2024-09-03,"Lumina Systems","Universal Laptop Stand",Accessories,East,1,45,45,16,29
ORD-11448,2025-07-20,"Zenith Dynamics","Locking Storage Credenza",Furniture,Central,1,397,397,210,187
ORD-11449,2024-06-22,"Crestview Solutions","Universal Laptop Stand",Accessories,North,17,49,833,272,561
ORD-11450,2024-11-28,"Atlas Energy","Locking Storage Credenza",Furniture,West,1,386,386,210,176
ORD-11451,2024-12-07,"BluePeak Software","Heavy-Duty Paper Shredder",Office Supplies,North,1,151,151,65,86
ORD-11452,2024-12-25,"Summit Financial","Enterprise Server X1",Electronics,North,1,2682,2682,1800,882
ORD-11453,2024-12-22,"Lumina Systems","Heavy-Duty Paper Shredder",Office Supplies,North,15,143,2145,975,1170
ORD-11454,2024-10-04,"Velocity Freight","UltraBook Pro 15",Electronics,North,3,1267,3801,2550,1251
ORD-11455,2025-11-16,"Vertex Health","Ergonomic Vertical Mouse",Accessories,East,2,67,134,48,86
ORD-11456,2024-09-14,"Lumina Systems","Smart Wireless Router",Electronics,Central,1,170,170,75,95
ORD-11457,2024-11-08,"Global Logistics","Modular Conference Table",Furniture,East,3,1199,3597,1860,1737
ORD-11458,2024-12-28,"Cascade Ventures","Ergonomic Vertical Mouse",Accessories,West,2,64,128,48,80
ORD-11459,2025-12-03,"Pinnacle Goods","Noise-Cancelling Headphones",Electronics,Central,4,230,920,440,480
ORD-11460,2025-01-21,"Summit Financial","Mechanical Backlit Keyboard",Accessories,South,2,119,238,96,142
ORD-11461,2024-02-28,"Quantum Edge","UltraBook Pro 15",Electronics,South,5,1299,6495,4250,2245
ORD-11462,2024-06-24,"Cascade Ventures","Standing Motorized Desk",Furniture,Central,1,617,617,330,287
ORD-11463,2025-03-13,"Acme Corp","Noise-Cancelling Headphones",Electronics,West,1,243,243,110,133
ORD-11464,2025-03-15,"Atlas Energy","Locking Storage Credenza",Furniture,North,1,418,418,210,208
ORD-11465,2024-03-11,"Nexus Enterprises","Ergonomic Vertical Mouse",Accessories,Central,5,66,330,120,210
ORD-11466,2025-02-11,"Vanguard Industrial","Smart Wireless Router",Electronics,South,4,175,700,300,400
ORD-11467,2025-12-19,"Pinnacle Goods","4K Ultra Monitor 32""",Electronics,South,1,535,535,320,215
ORD-11468,2024-11-24,"Crestview Solutions","Smart Wireless Router",Electronics,Central,2,179,358,150,208
ORD-11469,2024-08-21,"Global Logistics","Noise-Cancelling Headphones",Electronics,North,5,249,1245,550,695
ORD-11470,2024-04-16,"Apex Retail","1080p Studio Webcam",Accessories,West,5,92,460,190,270
ORD-11471,2024-06-09,"Acme Corp","Mechanical Backlit Keyboard",Accessories,West,1,119,119,48,71
ORD-11472,2025-08-06,"Lumina Systems","Heavy-Duty Paper Shredder",Office Supplies,North,3,151,453,195,258
ORD-11473,2025-12-26,"Apex Retail","LaserJet High-Speed Printer",Office Supplies,North,2,462,924,560,364
ORD-11474,2024-08-21,"Global Logistics","Smart Wireless Router",Electronics,South,1,166,166,75,91
ORD-11475,2025-10-30,"Vanguard Industrial","Thunderbolt 4 Docking Hub",Accessories,North,1,214,214,95,119
ORD-11476,2024-11-27,"Summit Financial","4K Ultra Monitor 32""",Electronics,West,6,535,3210,1920,1290
ORD-11477,2025-05-01,"Velocity Freight","LaserJet High-Speed Printer",Office Supplies,East,1,474,474,280,194
ORD-11478,2025-03-05,"Lumina Systems","Acoustic Privacy Panel",Furniture,North,2,138,276,120,156
ORD-11479,2024-11-16,"Vertex Health","Locking Storage Credenza",Furniture,North,1,429,429,210,219
ORD-11480,2024-05-10,"Zenith Dynamics","Heavy-Duty Paper Shredder",Office Supplies,South,13,151,1963,845,1118
ORD-11481,2025-06-15,"Prime Dynamics","Locking Storage Credenza",Furniture,Central,2,429,858,420,438
ORD-11482,2025-09-23,"Vertex Health","High-Yield Toner Cartridges",Office Supplies,South,6,89,534,168,366
ORD-11483,2025-07-16,"Vertex Health","Acoustic Privacy Panel",Furniture,East,2,145,290,120,170
ORD-11484,2024-07-06,"Crestview Solutions","1080p Studio Webcam",Accessories,West,1,89,89,38,51
ORD-11485,2025-04-20,"Lumina Systems","Standing Motorized Desk",Furniture,East,2,633,1266,660,606
ORD-11486,2024-09-21,"Atlas Energy","Thunderbolt 4 Docking Hub",Accessories,North,1,219,219,95,124
ORD-11487,2024-03-05,"Stellar Media","Locking Storage Credenza",Furniture,North,6,397,2382,1260,1122
ORD-11488,2025-06-03,"Pinnacle Goods","High-Yield Toner Cartridges",Office Supplies,South,1,82,82,28,54
ORD-11489,2025-09-23,"Vanguard Industrial","Mechanical Backlit Keyboard",Accessories,North,2,123,246,96,150
ORD-11490,2024-04-10,"BluePeak Software","Ergonomic Executive Chair",Furniture,North,6,369,2214,1140,1074
ORD-11491,2025-12-05,"Velocity Freight","Modular Conference Table",Furniture,East,2,1199,2398,1240,1158
ORD-11492,2024-05-28,"Beacon Partners","4K Ultra Monitor 32""",Electronics,East,2,508,1016,640,376
ORD-11493,2024-08-24,"Cascade Ventures","4K Ultra Monitor 32""",Electronics,West,2,508,1016,640,376
ORD-11494,2024-08-28,"Acme Corp","Locking Storage Credenza",Furniture,East,2,408,816,420,396
ORD-11495,2024-07-28,"Global Logistics","1080p Studio Webcam",Accessories,Central,2,97,194,76,118
ORD-11496,2025-02-15,"Horizon Technologies","UltraBook Pro 15",Electronics,West,13,1267,16471,11050,5421
ORD-11497,2025-06-06,"Cascade Ventures","Universal Laptop Stand",Accessories,Central,2,45,90,32,58
ORD-11498,2024-01-26,"Summit Financial","1080p Studio Webcam",Accessories,South,2,94,188,76,112
ORD-11499,2025-07-18,"Summit Financial","Mechanical Backlit Keyboard",Accessories,North,6,116,696,288,408
ORD-11500,2024-02-04,"Atlas Energy","High-Yield Toner Cartridges",Office Supplies,East,2,82,164,56,108
ORD-11501,2024-09-22,"Global Logistics","Noise-Cancelling Headphones",Electronics,Central,3,249,747,330,417
ORD-11502,2025-09-27,"BluePeak Software","Acoustic Privacy Panel",Furniture,Central,1,145,145,60,85
ORD-11503,2024-06-20,"Global Logistics","Modular Conference Table",Furniture,East,2,1139,2278,1240,1038
ORD-11504,2024-05-18,"Pinnacle Goods","Modular Conference Table",Furniture,South,2,1199,2398,1240,1158
ORD-11505,2025-07-16,"Horizon Technologies","Mechanical Backlit Keyboard",Accessories,Central,3,126,378,144,234
ORD-11506,2024-05-25,"Global Logistics","Ergonomic Executive Chair",Furniture,West,1,369,369,190,179
ORD-11507,2024-11-10,"Acme Corp","Ergonomic Vertical Mouse",Accessories,East,1,67,67,24,43
ORD-11508,2024-10-12,"Nexus Enterprises","Mechanical Backlit Keyboard",Accessories,Central,6,119,714,288,426
ORD-11509,2025-09-14,"Summit Financial","Enterprise Server X1",Electronics,Central,1,2754,2754,1800,954
ORD-11510,2024-01-03,"Horizon Technologies","UltraBook Pro 15",Electronics,East,6,1234,7404,5100,2304
ORD-11511,2025-04-17,"Zenith Dynamics","Modular Conference Table",Furniture,North,5,1109,5545,3100,2445
ORD-11512,2024-03-28,"Lumina Systems","Mechanical Backlit Keyboard",Accessories,South,2,116,232,96,136
ORD-11513,2025-08-22,"Apex Retail","Noise-Cancelling Headphones",Electronics,South,2,224,448,220,228
ORD-11514,2024-11-29,"BluePeak Software","Locking Storage Credenza",Furniture,South,1,429,429,210,219
ORD-11515,2025-10-25,"Pinnacle Goods","Ergonomic Executive Chair",Furniture,East,12,379,4548,2280,2268
ORD-11516,2025-08-10,"Atlas Energy","Enterprise Server X1",Electronics,East,2,2754,5508,3600,1908
ORD-11517,2025-06-21,"Stellar Media","Enterprise Server X1",Electronics,South,2,2682,5364,3600,1764
ORD-11518,2024-04-14,"Global Logistics","LaserJet High-Speed Printer",Office Supplies,West,1,487,487,280,207
ORD-11519,2025-09-27,"Prime Dynamics","Heavy-Duty Paper Shredder",Office Supplies,South,1,147,147,65,82
ORD-11520,2024-10-21,"BluePeak Software","1080p Studio Webcam",Accessories,North,1,92,92,38,54
ORD-11521,2025-06-18,"Atlas Energy","Modular Conference Table",Furniture,East,2,1139,2278,1240,1038
ORD-11522,2025-11-11,"Lumina Systems","Thunderbolt 4 Docking Hub",Accessories,South,1,197,197,95,102
ORD-11523,2024-09-28,"Apex Retail","UltraBook Pro 15",Electronics,West,3,1202,3606,2550,1056
ORD-11524,2025-03-13,"Lumina Systems","Thunderbolt 4 Docking Hub",Accessories,North,2,203,406,190,216
ORD-11525,2025-10-26,"Nexus Enterprises","High-Yield Toner Cartridges",Office Supplies,Central,2,80,160,56,104
ORD-11526,2025-02-13,"Beacon Partners","Smart Wireless Router",Electronics,Central,2,166,332,150,182
ORD-11527,2025-04-25,"Apex Retail","Ergonomic Vertical Mouse",Accessories,South,1,62,62,24,38
ORD-11528,2025-06-08,"Beacon Partners","Mechanical Backlit Keyboard",Accessories,West,2,123,246,96,150
ORD-11529,2025-10-08,"Summit Financial","High-Yield Toner Cartridges",Office Supplies,East,2,82,164,56,108
ORD-11530,2025-08-25,"Atlas Energy","UltraBook Pro 15",Electronics,Central,2,1169,2338,1700,638
ORD-11531,2024-07-20,"Apex Retail","Ergonomic Executive Chair",Furniture,East,4,379,1516,760,756
ORD-11532,2024-07-13,"Vanguard Industrial","Universal Laptop Stand",Accessories,West,1,45,45,16,29
ORD-11533,2024-01-16,"Stellar Media","LaserJet High-Speed Printer",Office Supplies,North,6,499,2994,1680,1314
ORD-11534,2024-12-27,"Crestview Solutions","Noise-Cancelling Headphones",Electronics,East,6,243,1458,660,798
ORD-11535,2025-03-24,"Atlas Energy","4K Ultra Monitor 32""",Electronics,South,17,522,8874,5440,3434
ORD-11536,2024-04-23,"Nexus Enterprises","Modular Conference Table",Furniture,West,2,1079,2158,1240,918
ORD-11537,2024-08-04,"Quantum Edge","Noise-Cancelling Headphones",Electronics,East,1,243,243,110,133
ORD-11538,2025-09-12,"Velocity Freight","Ergonomic Executive Chair",Furniture,South,2,359,718,380,338
ORD-11539,2024-04-19,"Horizon Technologies","Standing Motorized Desk",Furniture,East,2,633,1266,660,606
ORD-11540,2025-03-10,"Apex Retail","Smart Wireless Router",Electronics,South,2,166,332,150,182
ORD-11541,2025-10-10,"Cascade Ventures","Noise-Cancelling Headphones",Electronics,South,2,224,448,220,228
ORD-11542,2025-10-31,"Beacon Partners","Ergonomic Executive Chair",Furniture,South,2,379,758,380,378
ORD-11543,2024-08-13,"Beacon Partners","Modular Conference Table",Furniture,North,2,1169,2338,1240,1098
ORD-11544,2025-04-18,"BluePeak Software","High-Yield Toner Cartridges",Office Supplies,East,1,82,82,28,54
ORD-11545,2024-10-04,"Pinnacle Goods","Ergonomic Executive Chair",Furniture,East,2,399,798,380,418
ORD-11546,2024-09-14,"Acme Corp","Acoustic Privacy Panel",Furniture,East,3,145,435,180,255
ORD-11547,2024-02-02,"Beacon Partners","Heavy-Duty Paper Shredder",Office Supplies,Central,1,147,147,65,82
ORD-11548,2024-11-25,"Cascade Ventures","Noise-Cancelling Headphones",Electronics,East,1,249,249,110,139
ORD-11549,2025-04-15,"Global Logistics","Modular Conference Table",Furniture,West,2,1199,2398,1240,1158
ORD-11550,2025-12-24,"Apex Retail","Ergonomic Executive Chair",Furniture,North,2,389,778,380,398
ORD-11551,2024-02-05,"Pinnacle Goods","Mechanical Backlit Keyboard",Accessories,West,1,123,123,48,75
ORD-11552,2024-03-15,"Crestview Solutions","Noise-Cancelling Headphones",Electronics,East,2,224,448,220,228
ORD-11553,2024-10-27,"Stellar Media","Smart Wireless Router",Electronics,South,2,179,358,150,208
ORD-11554,2024-03-03,"Vanguard Industrial","Noise-Cancelling Headphones",Electronics,East,1,243,243,110,133
ORD-11555,2025-04-10,"Acme Corp","Locking Storage Credenza",Furniture,West,2,386,772,420,352
ORD-11556,2024-06-07,"Atlas Energy","LaserJet High-Speed Printer",Office Supplies,South,1,499,499,280,219
ORD-11557,2024-12-17,"Beacon Partners","Noise-Cancelling Headphones",Electronics,South,6,249,1494,660,834
ORD-11558,2024-05-06,"Atlas Energy","Locking Storage Credenza",Furniture,South,2,408,816,420,396
ORD-11559,2024-08-24,"Atlas Energy","Noise-Cancelling Headphones",Electronics,Central,2,243,486,220,266
ORD-11560,2024-04-23,"Prime Dynamics","Heavy-Duty Paper Shredder",Office Supplies,West,2,159,318,130,188
ORD-11561,2025-03-30,"Velocity Freight","Enterprise Server X1",Electronics,South,2,2609,5218,3600,1618
ORD-11562,2025-04-20,"Apex Retail","1080p Studio Webcam",Accessories,South,17,94,1598,646,952
ORD-11563,2024-01-15,"Acme Corp","Ergonomic Vertical Mouse",Accessories,East,5,69,345,120,225
ORD-11564,2025-10-20,"Vertex Health","Enterprise Server X1",Electronics,East,2,2609,5218,3600,1618
ORD-11565,2024-03-27,"Crestview Solutions","Heavy-Duty Paper Shredder",Office Supplies,North,1,147,147,65,82
ORD-11566,2025-12-23,"Apex Retail","Noise-Cancelling Headphones",Electronics,North,1,249,249,110,139
ORD-11567,2025-11-09,"BluePeak Software","Modular Conference Table",Furniture,West,4,1139,4556,2480,2076
ORD-11568,2025-04-08,"Vanguard Industrial","Locking Storage Credenza",Furniture,East,1,397,397,210,187
ORD-11569,2025-12-22,"Acme Corp","Thunderbolt 4 Docking Hub",Accessories,North,1,197,197,95,102
ORD-11570,2025-03-30,"Beacon Partners","UltraBook Pro 15",Electronics,South,2,1202,2404,1700,704
ORD-11571,2024-03-31,"Summit Financial","Smart Wireless Router",Electronics,North,4,170,680,300,380
ORD-11572,2025-11-09,"Beacon Partners","Mechanical Backlit Keyboard",Accessories,South,1,123,123,48,75
ORD-11573,2025-10-15,"Quantum Edge","Thunderbolt 4 Docking Hub",Accessories,West,5,214,1070,475,595
ORD-11574,2024-12-29,"Summit Financial","Mechanical Backlit Keyboard",Accessories,North,6,129,774,288,486
ORD-11575,2025-06-16,"Acme Corp","1080p Studio Webcam",Accessories,Central,2,89,178,76,102
ORD-11576,2025-05-01,"Vertex Health","Ergonomic Vertical Mouse",Accessories,North,3,69,207,72,135
ORD-11577,2025-05-07,"Lumina Systems","Noise-Cancelling Headphones",Electronics,East,2,243,486,220,266
ORD-11578,2024-08-11,"BluePeak Software","UltraBook Pro 15",Electronics,West,2,1202,2404,1700,704
ORD-11579,2025-09-13,"Cascade Ventures","Heavy-Duty Paper Shredder",Office Supplies,South,1,155,155,65,90
ORD-11580,2025-02-21,"Stellar Media","Enterprise Server X1",Electronics,West,1,2899,2899,1800,1099
ORD-11581,2025-02-22,"Zenith Dynamics","Noise-Cancelling Headphones",Electronics,West,1,249,249,110,139
ORD-11582,2024-09-26,"Quantum Edge","LaserJet High-Speed Printer",Office Supplies,South,1,474,474,280,194
ORD-11583,2024-03-19,"Atlas Energy","High-Yield Toner Cartridges",Office Supplies,South,1,85,85,28,57
ORD-11584,2024-11-23,"Stellar Media","Enterprise Server X1",Electronics,East,2,2899,5798,3600,2198
ORD-11585,2024-04-08,"Beacon Partners","Ergonomic Executive Chair",Furniture,Central,2,359,718,380,338
ORD-11586,2024-05-22,"Cascade Ventures","Heavy-Duty Paper Shredder",Office Supplies,West,2,159,318,130,188
ORD-11587,2025-09-12,"Zenith Dynamics","1080p Studio Webcam",Accessories,East,14,97,1358,532,826
ORD-11588,2024-02-16,"Quantum Edge","Thunderbolt 4 Docking Hub",Accessories,North,2,214,428,190,238
ORD-11589,2025-07-02,"Prime Dynamics","Noise-Cancelling Headphones",Electronics,Central,1,224,224,110,114
ORD-11590,2025-05-21,"Atlas Energy","Modular Conference Table",Furniture,North,2,1109,2218,1240,978
ORD-11591,2024-02-23,"Velocity Freight","Enterprise Server X1",Electronics,West,4,2754,11016,7200,3816
ORD-11592,2025-05-22,"Horizon Technologies","Universal Laptop Stand",Accessories,North,4,49,196,64,132
ORD-11593,2025-10-15,"Vertex Health","Locking Storage Credenza",Furniture,West,2,408,816,420,396
ORD-11594,2024-02-28,"Crestview Solutions","Thunderbolt 4 Docking Hub",Accessories,Central,1,203,203,95,108
ORD-11595,2025-11-18,"Acme Corp","Universal Laptop Stand",Accessories,Central,1,47,47,16,31
ORD-11596,2024-09-30,"BluePeak Software","Smart Wireless Router",Electronics,West,2,175,350,150,200
ORD-11597,2024-01-02,"Acme Corp","Smart Wireless Router",Electronics,South,3,170,510,225,285
ORD-11598,2024-10-26,"Stellar Media","4K Ultra Monitor 32""",Electronics,South,2,494,988,640,348
ORD-11599,2024-02-03,"Vanguard Industrial","Modular Conference Table",Furniture,East,2,1199,2398,1240,1158
ORD-11600,2025-07-03,"Vanguard Industrial","UltraBook Pro 15",Electronics,Central,5,1299,6495,4250,2245
ORD-11601,2024-01-11,"Pinnacle Goods","Acoustic Privacy Panel",Furniture,South,2,149,298,120,178
ORD-11602,2025-08-23,"Apex Retail","Universal Laptop Stand",Accessories,Central,1,44,44,16,28
ORD-11603,2024-07-04,"Zenith Dynamics","Noise-Cancelling Headphones",Electronics,West,1,249,249,110,139
ORD-11604,2025-05-04,"Vertex Health","Ergonomic Vertical Mouse",Accessories,West,9,67,603,216,387
ORD-11605,2025-04-02,"Summit Financial","Thunderbolt 4 Docking Hub",Accessories,West,2,208,416,190,226
ORD-11606,2024-11-01,"Horizon Technologies","LaserJet High-Speed Printer",Office Supplies,West,11,462,5082,3080,2002
ORD-11607,2024-08-05,"Acme Corp","Universal Laptop Stand",Accessories,West,2,48,96,32,64
ORD-11608,2024-09-30,"Beacon Partners","1080p Studio Webcam",Accessories,West,16,89,1424,608,816
ORD-11609,2024-04-29,"Stellar Media","4K Ultra Monitor 32""",Electronics,West,3,508,1524,960,564
ORD-11610,2025-08-14,"Prime Dynamics","Universal Laptop Stand",Accessories,West,17,49,833,272,561
ORD-11611,2025-12-14,"Quantum Edge","Noise-Cancelling Headphones",Electronics,North,1,249,249,110,139
ORD-11612,2024-10-24,"Apex Retail","1080p Studio Webcam",Accessories,East,4,99,396,152,244
ORD-11613,2024-04-03,"Summit Financial","Ergonomic Vertical Mouse",Accessories,North,2,66,132,48,84
ORD-11614,2024-09-19,"Velocity Freight","Modular Conference Table",Furniture,West,1,1109,1109,620,489
ORD-11615,2024-02-17,"Cascade Ventures","Heavy-Duty Paper Shredder",Office Supplies,North,2,147,294,130,164
ORD-11616,2024-04-30,"Apex Retail","4K Ultra Monitor 32""",Electronics,West,1,535,535,320,215
ORD-11617,2024-11-11,"Crestview Solutions","High-Yield Toner Cartridges",Office Supplies,East,2,80,160,56,104
ORD-11618,2024-02-09,"Vanguard Industrial","Standing Motorized Desk",Furniture,East,1,617,617,330,287
ORD-11619,2025-09-02,"Quantum Edge","Smart Wireless Router",Electronics,South,1,166,166,75,91
ORD-11620,2024-03-25,"Acme Corp","Ergonomic Vertical Mouse",Accessories,North,5,64,320,120,200
ORD-11621,2024-07-30,"BluePeak Software","1080p Studio Webcam",Accessories,West,4,97,388,152,236
ORD-11622,2024-02-16,"Summit Financial","Ergonomic Vertical Mouse",Accessories,Central,1,66,66,24,42
ORD-11623,2024-08-22,"Beacon Partners","Heavy-Duty Paper Shredder",Office Supplies,Central,15,147,2205,975,1230
ORD-11624,2025-05-18,"Velocity Freight","Smart Wireless Router",Electronics,South,6,179,1074,450,624
ORD-11625,2025-07-07,"Stellar Media","Heavy-Duty Paper Shredder",Office Supplies,South,1,147,147,65,82
ORD-11626,2025-12-08,"Summit Financial","Ergonomic Executive Chair",Furniture,South,2,359,718,380,338
ORD-11627,2024-05-06,"Lumina Systems","Smart Wireless Router",Electronics,East,2,161,322,150,172
ORD-11628,2025-09-06,"Zenith Dynamics","Universal Laptop Stand",Accessories,East,1,44,44,16,28
ORD-11629,2025-12-14,"Vanguard Industrial","High-Yield Toner Cartridges",Office Supplies,West,19,85,1615,532,1083
ORD-11630,2025-04-20,"Lumina Systems","Thunderbolt 4 Docking Hub",Accessories,North,1,208,208,95,113
ORD-11631,2024-06-16,"Cascade Ventures","Acoustic Privacy Panel",Furniture,East,1,145,145,60,85
ORD-11632,2024-07-10,"Atlas Energy","Acoustic Privacy Panel",Furniture,West,3,149,447,180,267
ORD-11633,2024-02-03,"Prime Dynamics","UltraBook Pro 15",Electronics,Central,6,1169,7014,5100,1914
ORD-11634,2025-08-31,"BluePeak Software","Noise-Cancelling Headphones",Electronics,North,4,224,896,440,456
ORD-11635,2025-06-21,"Prime Dynamics","Ergonomic Vertical Mouse",Accessories,South,10,64,640,240,400
ORD-11636,2024-07-16,"Summit Financial","High-Yield Toner Cartridges",Office Supplies,North,1,80,80,28,52
ORD-11637,2025-02-24,"Stellar Media","1080p Studio Webcam",Accessories,North,6,97,582,228,354
ORD-11638,2024-08-23,"Velocity Freight","Acoustic Privacy Panel",Furniture,South,1,145,145,60,85
ORD-11639,2024-06-26,"Lumina Systems","LaserJet High-Speed Printer",Office Supplies,South,2,487,974,560,414
ORD-11640,2024-09-29,"Pinnacle Goods","Heavy-Duty Paper Shredder",Office Supplies,West,2,147,294,130,164
ORD-11641,2025-11-10,"Atlas Energy","Acoustic Privacy Panel",Furniture,Central,2,138,276,120,156
ORD-11642,2025-10-02,"Quantum Edge","Mechanical Backlit Keyboard",Accessories,West,1,123,123,48,75
ORD-11643,2024-04-11,"Horizon Technologies","Standing Motorized Desk",Furniture,West,2,584,1168,660,508
ORD-11644,2024-12-18,"Zenith Dynamics","Heavy-Duty Paper Shredder",Office Supplies,Central,2,143,286,130,156
ORD-11645,2024-03-12,"Vanguard Industrial","4K Ultra Monitor 32""",Electronics,North,1,494,494,320,174
ORD-11646,2025-07-30,"Crestview Solutions","Thunderbolt 4 Docking Hub",Accessories,North,4,203,812,380,432
ORD-11647,2025-10-13,"Pinnacle Goods","UltraBook Pro 15",Electronics,North,2,1169,2338,1700,638
ORD-11648,2025-08-15,"Pinnacle Goods","Ergonomic Vertical Mouse",Accessories,East,3,64,192,72,120
ORD-11649,2024-06-28,"Zenith Dynamics","Enterprise Server X1",Electronics,East,6,2899,17394,10800,6594
ORD-11650,2024-02-29,"Quantum Edge","Modular Conference Table",Furniture,East,2,1169,2338,1240,1098
ORD-11651,2025-11-17,"Vanguard Industrial","Ergonomic Executive Chair",Furniture,West,2,359,718,380,338
ORD-11652,2024-11-03,"Beacon Partners","UltraBook Pro 15",Electronics,South,2,1267,2534,1700,834
ORD-11653,2025-11-29,"Prime Dynamics","Mechanical Backlit Keyboard",Accessories,Central,1,123,123,48,75
ORD-11654,2024-10-21,"Nexus Enterprises","Mechanical Backlit Keyboard",Accessories,East,1,129,129,48,81
ORD-11655,2024-06-19,"Prime Dynamics","Locking Storage Credenza",Furniture,Central,1,397,397,210,187
ORD-11656,2024-11-21,"Vanguard Industrial","Enterprise Server X1",Electronics,East,1,2609,2609,1800,809
ORD-11657,2024-03-23,"Prime Dynamics","Noise-Cancelling Headphones",Electronics,North,2,237,474,220,254
ORD-11658,2025-03-12,"Atlas Energy","Acoustic Privacy Panel",Furniture,West,6,138,828,360,468
ORD-11659,2024-11-30,"Beacon Partners","Noise-Cancelling Headphones",Electronics,Central,1,230,230,110,120
ORD-11660,2025-12-18,"Cascade Ventures","Ergonomic Executive Chair",Furniture,South,2,369,738,380,358
ORD-11661,2024-11-12,"Stellar Media","1080p Studio Webcam",Accessories,South,1,89,89,38,51
ORD-11662,2025-10-27,"Acme Corp","1080p Studio Webcam",Accessories,South,5,89,445,190,255
ORD-11663,2025-11-15,"Pinnacle Goods","Enterprise Server X1",Electronics,Central,1,2609,2609,1800,809
ORD-11664,2025-04-22,"Apex Retail","High-Yield Toner Cartridges",Office Supplies,East,4,87,348,112,236
ORD-11665,2025-06-13,"Vanguard Industrial","Standing Motorized Desk",Furniture,South,1,649,649,330,319
ORD-11666,2025-10-11,"Crestview Solutions","Locking Storage Credenza",Furniture,Central,2,386,772,420,352
ORD-11667,2024-05-12,"Vanguard Industrial","High-Yield Toner Cartridges",Office Supplies,West,1,80,80,28,52
ORD-11668,2025-08-17,"Apex Retail","Ergonomic Executive Chair",Furniture,North,4,369,1476,760,716
ORD-11669,2025-07-05,"Vertex Health","Acoustic Privacy Panel",Furniture,South,1,134,134,60,74
ORD-11670,2025-11-05,"Nexus Enterprises","Mechanical Backlit Keyboard",Accessories,East,2,123,246,96,150
ORD-11671,2024-03-12,"Atlas Energy","Ergonomic Vertical Mouse",Accessories,East,1,69,69,24,45
ORD-11672,2024-11-26,"Apex Retail","1080p Studio Webcam",Accessories,Central,2,97,194,76,118
ORD-11673,2025-08-11,"Lumina Systems","UltraBook Pro 15",Electronics,West,5,1299,6495,4250,2245
ORD-11674,2024-12-21,"Horizon Technologies","LaserJet High-Speed Printer",Office Supplies,East,1,474,474,280,194
ORD-11675,2025-10-16,"Stellar Media","High-Yield Toner Cartridges",Office Supplies,West,2,87,174,56,118
ORD-11676,2025-06-24,"Beacon Partners","Smart Wireless Router",Electronics,East,2,166,332,150,182
ORD-11677,2025-10-19,"Vanguard Industrial","Ergonomic Vertical Mouse",Accessories,Central,3,64,192,72,120
ORD-11678,2024-01-07,"Nexus Enterprises","Heavy-Duty Paper Shredder",Office Supplies,East,4,143,572,260,312
ORD-11679,2025-04-16,"Acme Corp","Standing Motorized Desk",Furniture,East,2,584,1168,660,508
ORD-11680,2024-07-08,"Beacon Partners","Enterprise Server X1",Electronics,West,2,2682,5364,3600,1764
ORD-11681,2025-05-23,"Pinnacle Goods","1080p Studio Webcam",Accessories,East,5,89,445,190,255
ORD-11682,2024-11-14,"Lumina Systems","Standing Motorized Desk",Furniture,North,1,584,584,330,254
ORD-11683,2024-12-13,"Lumina Systems","LaserJet High-Speed Printer",Office Supplies,West,4,474,1896,1120,776
ORD-11684,2025-10-07,"Prime Dynamics","Smart Wireless Router",Electronics,South,2,179,358,150,208
ORD-11685,2024-01-24,"Crestview Solutions","Enterprise Server X1",Electronics,West,1,2754,2754,1800,954
ORD-11686,2024-12-07,"Atlas Energy","Noise-Cancelling Headphones",Electronics,Central,2,230,460,220,240
ORD-11687,2024-12-21,"BluePeak Software","LaserJet High-Speed Printer",Office Supplies,Central,18,462,8316,5040,3276
ORD-11688,2024-09-09,"BluePeak Software","Acoustic Privacy Panel",Furniture,East,2,138,276,120,156
ORD-11689,2024-04-21,"Vanguard Industrial","High-Yield Toner Cartridges",Office Supplies,North,2,85,170,56,114
ORD-11690,2024-11-02,"Prime Dynamics","1080p Studio Webcam",Accessories,North,5,97,485,190,295
ORD-11691,2024-08-04,"BluePeak Software","Modular Conference Table",Furniture,South,2,1139,2278,1240,1038
ORD-11692,2024-11-20,"Prime Dynamics","UltraBook Pro 15",Electronics,East,5,1169,5845,4250,1595
ORD-11693,2025-03-14,"Lumina Systems","Enterprise Server X1",Electronics,South,1,2899,2899,1800,1099
ORD-11694,2025-08-06,"Vanguard Industrial","1080p Studio Webcam",Accessories,North,2,94,188,76,112
ORD-11695,2024-07-10,"Nexus Enterprises","Smart Wireless Router",Electronics,West,6,170,1020,450,570
ORD-11696,2025-11-20,"Beacon Partners","UltraBook Pro 15",Electronics,Central,2,1169,2338,1700,638
ORD-11697,2025-07-18,"Prime Dynamics","Mechanical Backlit Keyboard",Accessories,Central,16,116,1856,768,1088
ORD-11698,2025-01-16,"Stellar Media","4K Ultra Monitor 32""",Electronics,Central,1,522,522,320,202
ORD-11699,2024-09-28,"Quantum Edge","High-Yield Toner Cartridges",Office Supplies,Central,2,82,164,56,108
ORD-11700,2024-04-09,"Pinnacle Goods","Universal Laptop Stand",Accessories,South,1,47,47,16,31
ORD-11701,2024-04-14,"Stellar Media","Ergonomic Vertical Mouse",Accessories,West,5,66,330,120,210
ORD-11702,2025-08-03,"Crestview Solutions","Thunderbolt 4 Docking Hub",Accessories,East,1,219,219,95,124
ORD-11703,2025-08-05,"Prime Dynamics","Acoustic Privacy Panel",Furniture,East,2,149,298,120,178
ORD-11704,2024-01-28,"Horizon Technologies","Thunderbolt 4 Docking Hub",Accessories,South,1,203,203,95,108
ORD-11705,2024-04-08,"Lumina Systems","High-Yield Toner Cartridges",Office Supplies,South,1,85,85,28,57
ORD-11706,2025-05-12,"Lumina Systems","Enterprise Server X1",Electronics,East,2,2609,5218,3600,1618
ORD-11707,2024-03-31,"Zenith Dynamics","Modular Conference Table",Furniture,East,4,1199,4796,2480,2316
ORD-11708,2024-08-09,"Lumina Systems","Thunderbolt 4 Docking Hub",Accessories,South,1,208,208,95,113
ORD-11709,2025-05-27,"Zenith Dynamics","Mechanical Backlit Keyboard",Accessories,Central,6,119,714,288,426
ORD-11710,2024-08-20,"Vertex Health","Modular Conference Table",Furniture,South,2,1169,2338,1240,1098
ORD-11711,2024-06-10,"Pinnacle Goods","Modular Conference Table",Furniture,West,4,1079,4316,2480,1836
ORD-11712,2025-07-20,"Nexus Enterprises","Acoustic Privacy Panel",Furniture,West,16,145,2320,960,1360
ORD-11713,2025-01-28,"Global Logistics","Heavy-Duty Paper Shredder",Office Supplies,East,13,155,2015,845,1170
ORD-11714,2025-08-07,"BluePeak Software","Smart Wireless Router",Electronics,Central,2,161,322,150,172
ORD-11715,2025-08-20,"Summit Financial","Enterprise Server X1",Electronics,North,2,2682,5364,3600,1764
ORD-11716,2025-05-27,"Pinnacle Goods","4K Ultra Monitor 32""",Electronics,North,6,549,3294,1920,1374
ORD-11717,2025-12-03,"Zenith Dynamics","Smart Wireless Router",Electronics,South,3,175,525,225,300
ORD-11718,2025-06-30,"Atlas Energy","Locking Storage Credenza",Furniture,West,3,386,1158,630,528
ORD-11719,2025-06-12,"Velocity Freight","Mechanical Backlit Keyboard",Accessories,Central,6,119,714,288,426
ORD-11720,2025-03-31,"Beacon Partners","Modular Conference Table",Furniture,East,2,1199,2398,1240,1158
ORD-11721,2024-12-18,"Velocity Freight","Ergonomic Vertical Mouse",Accessories,East,2,64,128,48,80
ORD-11722,2025-01-15,"Beacon Partners","Locking Storage Credenza",Furniture,Central,4,397,1588,840,748
ORD-11723,2025-05-24,"Velocity Freight","LaserJet High-Speed Printer",Office Supplies,West,2,499,998,560,438
ORD-11724,2025-11-13,"Velocity Freight","LaserJet High-Speed Printer",Office Supplies,South,1,449,449,280,169
ORD-11725,2024-01-09,"Cascade Ventures","Noise-Cancelling Headphones",Electronics,Central,4,243,972,440,532
ORD-11726,2024-03-17,"BluePeak Software","Heavy-Duty Paper Shredder",Office Supplies,East,1,155,155,65,90
ORD-11727,2024-01-20,"Pinnacle Goods","UltraBook Pro 15",Electronics,South,1,1202,1202,850,352
ORD-11728,2024-03-21,"Beacon Partners","Heavy-Duty Paper Shredder",Office Supplies,North,2,151,302,130,172
ORD-11729,2025-07-05,"Beacon Partners","High-Yield Toner Cartridges",Office Supplies,Central,1,82,82,28,54
ORD-11730,2025-05-03,"Global Logistics","Universal Laptop Stand",Accessories,South,2,44,88,32,56
ORD-11731,2025-06-18,"Atlas Energy","UltraBook Pro 15",Electronics,North,6,1169,7014,5100,1914
ORD-11732,2025-02-22,"Global Logistics","Modular Conference Table",Furniture,North,6,1079,6474,3720,2754
ORD-11733,2025-07-24,"Stellar Media","Ergonomic Executive Chair",Furniture,North,2,379,758,380,378
ORD-11734,2025-08-05,"Acme Corp","Enterprise Server X1",Electronics,North,1,2682,2682,1800,882
ORD-11735,2024-12-10,"Acme Corp","Mechanical Backlit Keyboard",Accessories,West,1,129,129,48,81
ORD-11736,2024-07-24,"Crestview Solutions","UltraBook Pro 15",Electronics,Central,1,1299,1299,850,449
ORD-11737,2024-06-12,"Quantum Edge","Mechanical Backlit Keyboard",Accessories,Central,3,123,369,144,225
ORD-11738,2024-09-26,"Lumina Systems","Thunderbolt 4 Docking Hub",Accessories,West,1,219,219,95,124
ORD-11739,2024-03-03,"Crestview Solutions","1080p Studio Webcam",Accessories,North,2,99,198,76,122
ORD-11740,2025-11-04,"Acme Corp","Enterprise Server X1",Electronics,South,15,2682,40230,27000,13230
ORD-11741,2024-05-11,"Vertex Health","Modular Conference Table",Furniture,Central,1,1109,1109,620,489
ORD-11742,2024-03-19,"Stellar Media","UltraBook Pro 15",Electronics,North,3,1169,3507,2550,957
ORD-11743,2025-08-17,"Summit Financial","Mechanical Backlit Keyboard",Accessories,South,1,119,119,48,71
ORD-11744,2025-08-21,"Nexus Enterprises","Acoustic Privacy Panel",Furniture,East,3,149,447,180,267
ORD-11745,2024-07-13,"Velocity Freight","4K Ultra Monitor 32""",Electronics,West,1,494,494,320,174
ORD-11746,2025-08-18,"Cascade Ventures","1080p Studio Webcam",Accessories,West,1,92,92,38,54
ORD-11747,2024-06-02,"Beacon Partners","Mechanical Backlit Keyboard",Accessories,South,2,129,258,96,162
ORD-11748,2024-12-15,"Atlas Energy","Modular Conference Table",Furniture,West,1,1139,1139,620,519
ORD-11749,2025-09-06,"Vertex Health","Ergonomic Executive Chair",Furniture,West,4,379,1516,760,756
ORD-11750,2024-07-11,"Stellar Media","Acoustic Privacy Panel",Furniture,North,1,138,138,60,78
ORD-11751,2025-04-27,"Beacon Partners","Acoustic Privacy Panel",Furniture,South,6,149,894,360,534
ORD-11752,2025-08-14,"Zenith Dynamics","1080p Studio Webcam",Accessories,North,2,99,198,76,122
ORD-11753,2025-10-16,"Beacon Partners","Ergonomic Executive Chair",Furniture,Central,1,379,379,190,189
ORD-11754,2025-06-16,"Beacon Partners","Modular Conference Table",Furniture,Central,5,1139,5695,3100,2595
ORD-11755,2025-04-11,"Cascade Ventures","Heavy-Duty Paper Shredder",Office Supplies,West,1,151,151,65,86
ORD-11756,2024-01-23,"Stellar Media","Smart Wireless Router",Electronics,West,1,161,161,75,86
ORD-11757,2025-03-15,"Pinnacle Goods","Enterprise Server X1",Electronics,Central,2,2827,5654,3600,2054
ORD-11758,2024-06-26,"Vertex Health","Locking Storage Credenza",Furniture,East,2,418,836,420,416
ORD-11759,2025-02-24,"Summit Financial","4K Ultra Monitor 32""",Electronics,North,1,535,535,320,215
ORD-11760,2024-05-22,"Lumina Systems","Modular Conference Table",Furniture,Central,2,1079,2158,1240,918
ORD-11761,2025-01-26,"Acme Corp","Ergonomic Executive Chair",Furniture,East,2,359,718,380,338
ORD-11762,2024-11-27,"Atlas Energy","Noise-Cancelling Headphones",Electronics,East,2,224,448,220,228
ORD-11763,2024-11-04,"Acme Corp","Ergonomic Executive Chair",Furniture,North,2,369,738,380,358
ORD-11764,2024-11-17,"Horizon Technologies","UltraBook Pro 15",Electronics,East,1,1202,1202,850,352
ORD-11765,2025-02-26,"Pinnacle Goods","1080p Studio Webcam",Accessories,East,4,92,368,152,216
ORD-11766,2024-05-29,"Vertex Health","Heavy-Duty Paper Shredder",Office Supplies,North,2,159,318,130,188
ORD-11767,2025-09-26,"Atlas Energy","Acoustic Privacy Panel",Furniture,South,2,149,298,120,178
ORD-11768,2025-09-25,"Apex Retail","Acoustic Privacy Panel",Furniture,North,1,142,142,60,82
ORD-11769,2024-11-29,"Stellar Media","Locking Storage Credenza",Furniture,North,2,397,794,420,374
ORD-11770,2025-06-24,"Summit Financial","Heavy-Duty Paper Shredder",Office Supplies,North,1,151,151,65,86
ORD-11771,2024-06-23,"Horizon Technologies","Heavy-Duty Paper Shredder",Office Supplies,North,2,159,318,130,188
ORD-11772,2024-03-10,"Vanguard Industrial","Heavy-Duty Paper Shredder",Office Supplies,Central,1,147,147,65,82
ORD-11773,2025-12-09,"Lumina Systems","Locking Storage Credenza",Furniture,East,1,418,418,210,208
ORD-11774,2025-03-19,"Crestview Solutions","Locking Storage Credenza",Furniture,East,17,408,6936,3570,3366
ORD-11775,2024-01-28,"Nexus Enterprises","Enterprise Server X1",Electronics,East,5,2682,13410,9000,4410
ORD-11776,2024-12-14,"Lumina Systems","1080p Studio Webcam",Accessories,West,2,99,198,76,122
ORD-11777,2025-10-10,"Atlas Energy","1080p Studio Webcam",Accessories,South,2,92,184,76,108
ORD-11778,2024-05-24,"Pinnacle Goods","Heavy-Duty Paper Shredder",Office Supplies,East,1,147,147,65,82
ORD-11779,2024-05-08,"Quantum Edge","Mechanical Backlit Keyboard",Accessories,East,1,116,116,48,68
ORD-11780,2024-01-04,"Cascade Ventures","Ergonomic Vertical Mouse",Accessories,South,4,64,256,96,160
ORD-11781,2024-12-27,"Global Logistics","Ergonomic Executive Chair",Furniture,South,2,369,738,380,358
ORD-11782,2025-12-16,"Nexus Enterprises","UltraBook Pro 15",Electronics,Central,2,1202,2404,1700,704
ORD-11783,2025-09-22,"Lumina Systems","1080p Studio Webcam",Accessories,East,2,99,198,76,122
ORD-11784,2025-09-09,"Crestview Solutions","Universal Laptop Stand",Accessories,East,1,47,47,16,31
ORD-11785,2025-08-16,"Apex Retail","LaserJet High-Speed Printer",Office Supplies,West,2,474,948,560,388
ORD-11786,2024-10-12,"Global Logistics","Standing Motorized Desk",Furniture,Central,2,649,1298,660,638
ORD-11787,2024-05-03,"Summit Financial","Locking Storage Credenza",Furniture,North,2,418,836,420,416
ORD-11788,2025-03-04,"Pinnacle Goods","Standing Motorized Desk",Furniture,Central,2,584,1168,660,508
ORD-11789,2024-12-29,"Atlas Energy","Universal Laptop Stand",Accessories,North,5,47,235,80,155
ORD-11790,2024-10-01,"Zenith Dynamics","1080p Studio Webcam",Accessories,Central,2,92,184,76,108
ORD-11791,2024-06-10,"Crestview Solutions","Smart Wireless Router",Electronics,South,1,161,161,75,86
ORD-11792,2024-03-16,"Zenith Dynamics","Ergonomic Vertical Mouse",Accessories,South,2,69,138,48,90
ORD-11793,2024-10-09,"Global Logistics","UltraBook Pro 15",Electronics,Central,1,1202,1202,850,352
ORD-11794,2025-04-03,"Summit Financial","Smart Wireless Router",Electronics,Central,17,166,2822,1275,1547
ORD-11795,2024-03-29,"Prime Dynamics","Locking Storage Credenza",Furniture,South,5,429,2145,1050,1095
ORD-11796,2024-03-27,"Beacon Partners","Thunderbolt 4 Docking Hub",Accessories,North,6,214,1284,570,714
ORD-11797,2025-06-16,"Crestview Solutions","4K Ultra Monitor 32""",Electronics,West,6,494,2964,1920,1044
ORD-11798,2024-12-09,"Stellar Media","Smart Wireless Router",Electronics,North,2,175,350,150,200
ORD-11799,2024-12-20,"Global Logistics","Smart Wireless Router",Electronics,East,1,170,170,75,95
ORD-11800,2024-11-16,"Lumina Systems","Universal Laptop Stand",Accessories,South,1,45,45,16,29
ORD-11801,2024-02-20,"Horizon Technologies","Mechanical Backlit Keyboard",Accessories,East,3,123,369,144,225
ORD-11802,2024-10-23,"Apex Retail","Noise-Cancelling Headphones",Electronics,West,2,224,448,220,228
ORD-11803,2025-05-06,"Lumina Systems","High-Yield Toner Cartridges",Office Supplies,North,3,82,246,84,162
ORD-11804,2025-08-27,"Velocity Freight","4K Ultra Monitor 32""",Electronics,West,2,508,1016,640,376
ORD-11805,2025-08-04,"Prime Dynamics","Modular Conference Table",Furniture,West,4,1109,4436,2480,1956
ORD-11806,2024-09-13,"Beacon Partners","Universal Laptop Stand",Accessories,West,19,49,931,304,627
ORD-11807,2025-05-05,"Apex Retail","4K Ultra Monitor 32""",Electronics,North,4,508,2032,1280,752
ORD-11808,2025-02-23,"Acme Corp","UltraBook Pro 15",Electronics,West,1,1202,1202,850,352
ORD-11809,2024-10-09,"Global Logistics","1080p Studio Webcam",Accessories,Central,2,92,184,76,108
ORD-11810,2025-01-09,"Crestview Solutions","Thunderbolt 4 Docking Hub",Accessories,North,1,203,203,95,108
ORD-11811,2025-04-22,"Beacon Partners","1080p Studio Webcam",Accessories,South,1,89,89,38,51
ORD-11812,2025-05-23,"Summit Financial","Acoustic Privacy Panel",Furniture,Central,5,145,725,300,425
ORD-11813,2024-07-15,"Velocity Freight","UltraBook Pro 15",Electronics,South,2,1234,2468,1700,768
ORD-11814,2025-11-27,"Beacon Partners","Universal Laptop Stand",Accessories,West,1,49,49,16,33
ORD-11815,2024-05-27,"Acme Corp","Acoustic Privacy Panel",Furniture,East,1,134,134,60,74
ORD-11816,2025-09-14,"Vertex Health","Heavy-Duty Paper Shredder",Office Supplies,Central,1,147,147,65,82
ORD-11817,2024-10-13,"Cascade Ventures","Enterprise Server X1",Electronics,East,1,2899,2899,1800,1099
ORD-11818,2025-08-15,"Lumina Systems","Thunderbolt 4 Docking Hub",Accessories,West,2,208,416,190,226
ORD-11819,2024-05-17,"Velocity Freight","High-Yield Toner Cartridges",Office Supplies,East,1,82,82,28,54
ORD-11820,2025-10-05,"Lumina Systems","4K Ultra Monitor 32""",Electronics,Central,12,535,6420,3840,2580
ORD-11821,2024-11-25,"Pinnacle Goods","Locking Storage Credenza",Furniture,South,1,429,429,210,219
ORD-11822,2024-05-15,"Pinnacle Goods","1080p Studio Webcam",Accessories,South,1,99,99,38,61
ORD-11823,2024-09-07,"Acme Corp","Smart Wireless Router",Electronics,East,2,179,358,150,208
ORD-11824,2024-01-24,"Pinnacle Goods","Acoustic Privacy Panel",Furniture,South,3,145,435,180,255
ORD-11825,2025-07-11,"Lumina Systems","Standing Motorized Desk",Furniture,North,3,649,1947,990,957
ORD-11826,2025-05-17,"Pinnacle Goods","Enterprise Server X1",Electronics,East,2,2682,5364,3600,1764
ORD-11827,2024-12-08,"Vertex Health","Locking Storage Credenza",Furniture,East,2,429,858,420,438
ORD-11828,2025-09-05,"Stellar Media","1080p Studio Webcam",Accessories,West,3,99,297,114,183
ORD-11829,2025-09-03,"Stellar Media","Heavy-Duty Paper Shredder",Office Supplies,West,2,143,286,130,156
ORD-11830,2025-05-13,"Quantum Edge","LaserJet High-Speed Printer",Office Supplies,Central,1,462,462,280,182
ORD-11831,2024-08-30,"Prime Dynamics","Acoustic Privacy Panel",Furniture,South,2,138,276,120,156
ORD-11832,2025-06-01,"Vanguard Industrial","Universal Laptop Stand",Accessories,North,5,47,235,80,155
ORD-11833,2025-03-05,"Stellar Media","Heavy-Duty Paper Shredder",Office Supplies,East,6,147,882,390,492
ORD-11834,2024-04-23,"Vertex Health","UltraBook Pro 15",Electronics,East,2,1267,2534,1700,834
ORD-11835,2024-06-06,"Crestview Solutions","Thunderbolt 4 Docking Hub",Accessories,East,2,197,394,190,204
ORD-11836,2024-03-17,"Zenith Dynamics","High-Yield Toner Cartridges",Office Supplies,North,1,87,87,28,59
ORD-11837,2024-06-12,"Quantum Edge","Modular Conference Table",Furniture,South,2,1079,2158,1240,918
ORD-11838,2024-07-20,"Beacon Partners","4K Ultra Monitor 32""",Electronics,Central,2,522,1044,640,404
ORD-11839,2024-04-16,"Crestview Solutions","Modular Conference Table",Furniture,East,3,1199,3597,1860,1737
ORD-11840,2024-11-30,"Vertex Health","Locking Storage Credenza",Furniture,Central,8,408,3264,1680,1584
ORD-11841,2025-08-09,"Stellar Media","Universal Laptop Stand",Accessories,North,1,48,48,16,32
ORD-11842,2025-04-02,"Quantum Edge","Thunderbolt 4 Docking Hub",Accessories,Central,1,214,214,95,119
ORD-11843,2025-07-17,"Pinnacle Goods","Modular Conference Table",Furniture,Central,2,1199,2398,1240,1158
ORD-11844,2025-06-09,"Stellar Media","Enterprise Server X1",Electronics,North,2,2754,5508,3600,1908
ORD-11845,2024-12-07,"Nexus Enterprises","Universal Laptop Stand",Accessories,Central,1,45,45,16,29
ORD-11846,2024-03-04,"Quantum Edge","Thunderbolt 4 Docking Hub",Accessories,South,1,208,208,95,113
ORD-11847,2025-11-16,"Pinnacle Goods","Modular Conference Table",Furniture,Central,10,1109,11090,6200,4890
ORD-11848,2025-03-02,"Zenith Dynamics","High-Yield Toner Cartridges",Office Supplies,Central,1,89,89,28,61
ORD-11849,2024-08-16,"Beacon Partners","Thunderbolt 4 Docking Hub",Accessories,North,1,203,203,95,108
ORD-11850,2024-10-04,"Lumina Systems","1080p Studio Webcam",Accessories,South,2,99,198,76,122
ORD-11851,2025-10-13,"Vertex Health","Mechanical Backlit Keyboard",Accessories,South,1,123,123,48,75
ORD-11852,2024-09-27,"Horizon Technologies","Smart Wireless Router",Electronics,North,6,170,1020,450,570
ORD-11853,2025-11-27,"Summit Financial","Locking Storage Credenza",Furniture,South,3,418,1254,630,624
ORD-11854,2024-08-15,"Apex Retail","Standing Motorized Desk",Furniture,South,2,584,1168,660,508
ORD-11855,2024-05-09,"Cascade Ventures","Enterprise Server X1",Electronics,North,2,2609,5218,3600,1618
ORD-11856,2025-03-02,"Prime Dynamics","Enterprise Server X1",Electronics,Central,2,2754,5508,3600,1908
ORD-11857,2025-07-04,"Prime Dynamics","Noise-Cancelling Headphones",Electronics,West,1,243,243,110,133
ORD-11858,2025-04-16,"Prime Dynamics","Noise-Cancelling Headphones",Electronics,South,5,224,1120,550,570
ORD-11859,2024-05-14,"Stellar Media","LaserJet High-Speed Printer",Office Supplies,West,2,474,948,560,388
ORD-11860,2024-04-12,"Vertex Health","4K Ultra Monitor 32""",Electronics,South,1,535,535,320,215
ORD-11861,2025-05-23,"Crestview Solutions","Standing Motorized Desk",Furniture,West,1,633,633,330,303
ORD-11862,2025-05-03,"Pinnacle Goods","Universal Laptop Stand",Accessories,West,1,48,48,16,32
ORD-11863,2024-10-07,"Nexus Enterprises","Modular Conference Table",Furniture,South,6,1199,7194,3720,3474
ORD-11864,2024-06-29,"Beacon Partners","Ergonomic Vertical Mouse",Accessories,West,2,62,124,48,76
ORD-11865,2025-11-29,"Cascade Ventures","UltraBook Pro 15",Electronics,North,2,1234,2468,1700,768
ORD-11866,2024-10-21,"Global Logistics","High-Yield Toner Cartridges",Office Supplies,West,6,87,522,168,354
ORD-11867,2024-06-02,"Quantum Edge","Noise-Cancelling Headphones",Electronics,West,1,230,230,110,120
ORD-11868,2025-12-05,"Stellar Media","Mechanical Backlit Keyboard",Accessories,West,1,123,123,48,75
ORD-11869,2024-03-25,"Vertex Health","Thunderbolt 4 Docking Hub",Accessories,Central,1,214,214,95,119
ORD-11870,2025-01-02,"Global Logistics","Acoustic Privacy Panel",Furniture,East,6,134,804,360,444
ORD-11871,2025-03-22,"Stellar Media","Enterprise Server X1",Electronics,North,2,2609,5218,3600,1618
ORD-11872,2024-11-14,"Velocity Freight","Universal Laptop Stand",Accessories,South,1,47,47,16,31
ORD-11873,2024-02-04,"Nexus Enterprises","High-Yield Toner Cartridges",Office Supplies,Central,2,89,178,56,122
ORD-11874,2025-08-13,"Velocity Freight","1080p Studio Webcam",Accessories,West,3,94,282,114,168
ORD-11875,2024-07-24,"Crestview Solutions","Thunderbolt 4 Docking Hub",Accessories,West,2,214,428,190,238
ORD-11876,2025-07-02,"Zenith Dynamics","LaserJet High-Speed Printer",Office Supplies,Central,1,499,499,280,219
ORD-11877,2024-12-15,"Apex Retail","4K Ultra Monitor 32""",Electronics,North,1,508,508,320,188
ORD-11878,2025-02-19,"Cascade Ventures","Acoustic Privacy Panel",Furniture,West,1,145,145,60,85
ORD-11879,2025-01-28,"Prime Dynamics","Smart Wireless Router",Electronics,South,1,175,175,75,100
ORD-11880,2025-01-24,"Cascade Ventures","Ergonomic Vertical Mouse",Accessories,South,1,62,62,24,38
ORD-11881,2024-06-07,"Zenith Dynamics","Ergonomic Vertical Mouse",Accessories,West,1,67,67,24,43
ORD-11882,2024-08-25,"Prime Dynamics","Locking Storage Credenza",Furniture,North,5,429,2145,1050,1095
ORD-11883,2025-10-12,"Horizon Technologies","LaserJet High-Speed Printer",Office Supplies,South,2,487,974,560,414
ORD-11884,2024-04-11,"Atlas Energy","Locking Storage Credenza",Furniture,South,1,408,408,210,198
ORD-11885,2024-01-19,"Stellar Media","Ergonomic Executive Chair",Furniture,South,2,369,738,380,358
ORD-11886,2024-12-09,"Prime Dynamics","Locking Storage Credenza",Furniture,West,1,397,397,210,187
ORD-11887,2024-07-04,"Stellar Media","Mechanical Backlit Keyboard",Accessories,East,4,116,464,192,272
ORD-11888,2025-02-08,"Prime Dynamics","Locking Storage Credenza",Furniture,Central,1,429,429,210,219
ORD-11889,2024-05-15,"Atlas Energy","High-Yield Toner Cartridges",Office Supplies,Central,2,89,178,56,122
ORD-11890,2024-12-13,"Summit Financial","Acoustic Privacy Panel",Furniture,South,1,149,149,60,89
ORD-11891,2025-08-29,"Atlas Energy","Noise-Cancelling Headphones",Electronics,East,2,224,448,220,228
ORD-11892,2025-11-25,"Prime Dynamics","Heavy-Duty Paper Shredder",Office Supplies,East,1,151,151,65,86
ORD-11893,2025-06-12,"Beacon Partners","Acoustic Privacy Panel",Furniture,East,5,149,745,300,445
ORD-11894,2025-07-18,"Atlas Energy","UltraBook Pro 15",Electronics,North,4,1267,5068,3400,1668
ORD-11895,2025-05-19,"Acme Corp","High-Yield Toner Cartridges",Office Supplies,East,2,82,164,56,108
ORD-11896,2025-10-29,"Vanguard Industrial","High-Yield Toner Cartridges",Office Supplies,North,2,89,178,56,122
ORD-11897,2024-08-05,"Prime Dynamics","Enterprise Server X1",Electronics,Central,5,2899,14495,9000,5495
ORD-11898,2024-08-18,"Horizon Technologies","Acoustic Privacy Panel",Furniture,West,1,142,142,60,82
ORD-11899,2025-12-04,"Stellar Media","Universal Laptop Stand",Accessories,Central,2,47,94,32,62
ORD-11900,2024-08-21,"Velocity Freight","Smart Wireless Router",Electronics,East,1,175,175,75,100
ORD-11901,2025-06-26,"Lumina Systems","UltraBook Pro 15",Electronics,South,3,1169,3507,2550,957
ORD-11902,2025-07-30,"Zenith Dynamics","Standing Motorized Desk",Furniture,Central,2,600,1200,660,540
ORD-11903,2025-07-04,"Crestview Solutions","Modular Conference Table",Furniture,Central,2,1109,2218,1240,978
ORD-11904,2025-10-11,"Lumina Systems","Smart Wireless Router",Electronics,Central,1,161,161,75,86
ORD-11905,2024-08-13,"Cascade Ventures","Heavy-Duty Paper Shredder",Office Supplies,North,12,155,1860,780,1080
ORD-11906,2025-01-15,"Summit Financial","LaserJet High-Speed Printer",Office Supplies,North,1,499,499,280,219
ORD-11907,2025-05-07,"Horizon Technologies","UltraBook Pro 15",Electronics,East,1,1234,1234,850,384
ORD-11908,2024-11-12,"Global Logistics","1080p Studio Webcam",Accessories,South,1,94,94,38,56
ORD-11909,2025-01-25,"Cascade Ventures","LaserJet High-Speed Printer",Office Supplies,Central,2,462,924,560,364
ORD-11910,2024-01-11,"Atlas Energy","Standing Motorized Desk",Furniture,North,1,633,633,330,303
ORD-11911,2024-03-04,"Quantum Edge","Universal Laptop Stand",Accessories,South,4,49,196,64,132
ORD-11912,2025-06-04,"Global Logistics","Ergonomic Executive Chair",Furniture,East,2,389,778,380,398
ORD-11913,2025-08-20,"Prime Dynamics","UltraBook Pro 15",Electronics,West,6,1234,7404,5100,2304
ORD-11914,2024-05-11,"Apex Retail","Ergonomic Vertical Mouse",Accessories,South,2,64,128,48,80
ORD-11915,2025-12-10,"Atlas Energy","Mechanical Backlit Keyboard",Accessories,South,2,116,232,96,136
ORD-11916,2024-01-11,"Lumina Systems","Enterprise Server X1",Electronics,North,4,2609,10436,7200,3236
ORD-11917,2025-04-05,"BluePeak Software","Noise-Cancelling Headphones",Electronics,North,2,230,460,220,240
ORD-11918,2024-06-17,"Prime Dynamics","Thunderbolt 4 Docking Hub",Accessories,West,2,214,428,190,238
ORD-11919,2025-01-07,"Summit Financial","Modular Conference Table",Furniture,North,4,1139,4556,2480,2076
ORD-11920,2024-09-19,"Prime Dynamics","Enterprise Server X1",Electronics,East,1,2682,2682,1800,882
ORD-11921,2024-10-20,"Zenith Dynamics","Acoustic Privacy Panel",Furniture,South,3,145,435,180,255
ORD-11922,2024-06-15,"BluePeak Software","Thunderbolt 4 Docking Hub",Accessories,Central,1,219,219,95,124
ORD-11923,2024-07-23,"Atlas Energy","Acoustic Privacy Panel",Furniture,East,1,134,134,60,74
ORD-11924,2024-10-22,"Apex Retail","Acoustic Privacy Panel",Furniture,South,2,149,298,120,178
ORD-11925,2024-03-01,"Pinnacle Goods","Standing Motorized Desk",Furniture,North,4,600,2400,1320,1080
ORD-11926,2024-08-13,"Vanguard Industrial","Ergonomic Executive Chair",Furniture,North,1,359,359,190,169
ORD-11927,2024-04-23,"Apex Retail","1080p Studio Webcam",Accessories,East,2,94,188,76,112
ORD-11928,2025-12-21,"Summit Financial","1080p Studio Webcam",Accessories,Central,8,99,792,304,488
ORD-11929,2024-09-21,"Stellar Media","Modular Conference Table",Furniture,North,6,1109,6654,3720,2934
ORD-11930,2025-02-19,"Zenith Dynamics","LaserJet High-Speed Printer",Office Supplies,East,3,487,1461,840,621
ORD-11931,2025-09-22,"Summit Financial","Standing Motorized Desk",Furniture,Central,2,617,1234,660,574
ORD-11932,2024-09-19,"Vanguard Industrial","Ergonomic Vertical Mouse",Accessories,East,1,66,66,24,42
ORD-11933,2025-02-16,"Summit Financial","Modular Conference Table",Furniture,West,3,1109,3327,1860,1467
ORD-11934,2025-04-03,"Summit Financial","High-Yield Toner Cartridges",Office Supplies,South,1,87,87,28,59
ORD-11935,2024-06-05,"Pinnacle Goods","4K Ultra Monitor 32""",Electronics,North,1,508,508,320,188
ORD-11936,2024-02-13,"Beacon Partners","Modular Conference Table",Furniture,Central,2,1169,2338,1240,1098
ORD-11937,2024-05-23,"Summit Financial","Heavy-Duty Paper Shredder",Office Supplies,Central,5,159,795,325,470
ORD-11938,2025-09-07,"Vertex Health","Heavy-Duty Paper Shredder",Office Supplies,North,1,147,147,65,82
ORD-11939,2025-12-04,"Crestview Solutions","Modular Conference Table",Furniture,West,13,1199,15587,8060,7527
ORD-11940,2024-12-17,"Zenith Dynamics","Standing Motorized Desk",Furniture,West,2,649,1298,660,638
ORD-11941,2024-05-02,"Lumina Systems","4K Ultra Monitor 32""",Electronics,Central,10,535,5350,3200,2150
ORD-11942,2024-05-29,"Pinnacle Goods","Standing Motorized Desk",Furniture,East,6,649,3894,1980,1914
ORD-11943,2024-10-22,"BluePeak Software","High-Yield Toner Cartridges",Office Supplies,East,1,80,80,28,52
ORD-11944,2024-03-13,"BluePeak Software","LaserJet High-Speed Printer",Office Supplies,Central,1,499,499,280,219
ORD-11945,2025-05-18,"Horizon Technologies","Noise-Cancelling Headphones",Electronics,West,12,243,2916,1320,1596
ORD-11946,2025-10-04,"Horizon Technologies","Modular Conference Table",Furniture,South,2,1079,2158,1240,918
ORD-11947,2025-02-09,"Prime Dynamics","Ergonomic Vertical Mouse",Accessories,Central,4,66,264,96,168
ORD-11948,2024-09-06,"Quantum Edge","Heavy-Duty Paper Shredder",Office Supplies,West,1,155,155,65,90
ORD-11949,2025-08-26,"Apex Retail","LaserJet High-Speed Printer",Office Supplies,North,1,499,499,280,219
ORD-11950,2024-11-28,"Cascade Ventures","High-Yield Toner Cartridges",Office Supplies,West,6,80,480,168,312
ORD-11951,2024-02-24,"Horizon Technologies","Universal Laptop Stand",Accessories,North,1,48,48,16,32
ORD-11952,2024-04-27,"Vanguard Industrial","Noise-Cancelling Headphones",Electronics,East,19,230,4370,2090,2280
ORD-11953,2025-06-04,"Horizon Technologies","4K Ultra Monitor 32""",Electronics,North,1,508,508,320,188
ORD-11954,2025-08-08,"Quantum Edge","Thunderbolt 4 Docking Hub",Accessories,Central,2,219,438,190,248
ORD-11955,2025-08-03,"Lumina Systems","Thunderbolt 4 Docking Hub",Accessories,West,5,208,1040,475,565
ORD-11956,2024-06-29,"Pinnacle Goods","Smart Wireless Router",Electronics,South,2,170,340,150,190
ORD-11957,2024-11-21,"Apex Retail","Smart Wireless Router",Electronics,North,17,166,2822,1275,1547
ORD-11958,2025-04-20,"Beacon Partners","Mechanical Backlit Keyboard",Accessories,East,2,129,258,96,162
ORD-11959,2025-12-09,"Cascade Ventures","Mechanical Backlit Keyboard",Accessories,South,6,123,738,288,450
ORD-11960,2025-11-02,"Global Logistics","Enterprise Server X1",Electronics,East,2,2609,5218,3600,1618
ORD-11961,2025-04-15,"Stellar Media","Mechanical Backlit Keyboard",Accessories,Central,1,116,116,48,68
ORD-11962,2025-08-10,"Vertex Health","Ergonomic Vertical Mouse",Accessories,West,1,67,67,24,43
ORD-11963,2024-04-15,"Horizon Technologies","Ergonomic Executive Chair",Furniture,North,1,369,369,190,179
ORD-11964,2025-05-18,"Velocity Freight","Mechanical Backlit Keyboard",Accessories,Central,2,123,246,96,150
ORD-11965,2025-04-30,"Nexus Enterprises","UltraBook Pro 15",Electronics,East,6,1169,7014,5100,1914
ORD-11966,2024-01-24,"Summit Financial","Mechanical Backlit Keyboard",Accessories,West,1,129,129,48,81
ORD-11967,2025-05-30,"Beacon Partners","Ergonomic Vertical Mouse",Accessories,North,2,62,124,48,76
ORD-11968,2024-12-07,"Horizon Technologies","Acoustic Privacy Panel",Furniture,West,4,142,568,240,328
ORD-11969,2024-12-29,"Velocity Freight","Acoustic Privacy Panel",Furniture,South,1,134,134,60,74
ORD-11970,2025-03-19,"Summit Financial","Acoustic Privacy Panel",Furniture,West,2,134,268,120,148
ORD-11971,2024-04-04,"Crestview Solutions","Enterprise Server X1",Electronics,North,1,2682,2682,1800,882
ORD-11972,2024-12-04,"Horizon Technologies","Smart Wireless Router",Electronics,Central,1,161,161,75,86
ORD-11973,2024-08-17,"Vertex Health","Universal Laptop Stand",Accessories,East,2,45,90,32,58
ORD-11974,2025-02-16,"Velocity Freight","Ergonomic Vertical Mouse",Accessories,West,2,67,134,48,86
ORD-11975,2025-09-07,"Lumina Systems","UltraBook Pro 15",Electronics,South,3,1267,3801,2550,1251
ORD-11976,2025-06-23,"BluePeak Software","Noise-Cancelling Headphones",Electronics,South,13,249,3237,1430,1807
ORD-11977,2025-05-20,"Quantum Edge","Standing Motorized Desk",Furniture,East,5,600,3000,1650,1350
ORD-11978,2025-02-08,"Lumina Systems","Mechanical Backlit Keyboard",Accessories,East,10,119,1190,480,710
ORD-11979,2025-08-07,"Zenith Dynamics","1080p Studio Webcam",Accessories,South,1,89,89,38,51
ORD-11980,2024-11-10,"Quantum Edge","Thunderbolt 4 Docking Hub",Accessories,South,6,208,1248,570,678
ORD-11981,2025-01-09,"Stellar Media","Modular Conference Table",Furniture,South,2,1169,2338,1240,1098
ORD-11982,2024-10-31,"Lumina Systems","Noise-Cancelling Headphones",Electronics,South,1,224,224,110,114
ORD-11983,2025-05-20,"Prime Dynamics","4K Ultra Monitor 32""",Electronics,Central,1,522,522,320,202
ORD-11984,2025-04-08,"Summit Financial","Ergonomic Vertical Mouse",Accessories,West,1,62,62,24,38
ORD-11985,2025-01-01,"Apex Retail","Mechanical Backlit Keyboard",Accessories,North,2,123,246,96,150
ORD-11986,2024-10-17,"Lumina Systems","Smart Wireless Router",Electronics,East,17,161,2737,1275,1462
ORD-11987,2025-09-04,"Lumina Systems","Thunderbolt 4 Docking Hub",Accessories,East,6,214,1284,570,714
ORD-11988,2025-12-10,"Nexus Enterprises","Mechanical Backlit Keyboard",Accessories,West,4,129,516,192,324
ORD-11989,2024-12-02,"Horizon Technologies","1080p Studio Webcam",Accessories,Central,12,94,1128,456,672
ORD-11990,2024-02-01,"Prime Dynamics","Locking Storage Credenza",Furniture,West,5,397,1985,1050,935
ORD-11991,2025-06-29,"Global Logistics","UltraBook Pro 15",Electronics,Central,1,1169,1169,850,319
ORD-11992,2025-08-06,"Acme Corp","Noise-Cancelling Headphones",Electronics,Central,2,249,498,220,278
ORD-11993,2024-04-25,"Pinnacle Goods","Ergonomic Vertical Mouse",Accessories,East,4,64,256,96,160
ORD-11994,2025-06-25,"Global Logistics","Modular Conference Table",Furniture,Central,1,1079,1079,620,459
ORD-11995,2024-08-30,"Velocity Freight","Thunderbolt 4 Docking Hub",Accessories,East,1,203,203,95,108
ORD-11996,2024-03-18,"Beacon Partners","Standing Motorized Desk",Furniture,South,2,617,1234,660,574
ORD-11997,2025-09-29,"Lumina Systems","1080p Studio Webcam",Accessories,East,1,92,92,38,54
ORD-11998,2025-12-09,"Pinnacle Goods","1080p Studio Webcam",Accessories,West,5,94,470,190,280
ORD-11999,2025-08-05,"Cascade Ventures","Modular Conference Table",Furniture,South,1,1109,1109,620,489
ORD-12000,2024-02-14,"BluePeak Software","Modular Conference Table",Furniture,East,2,1139,2278,1240,1038
ORD-12001,2025-04-09,"Horizon Technologies","Ergonomic Executive Chair",Furniture,South,1,359,359,190,169
ORD-12002,2024-04-26,"Lumina Systems","Heavy-Duty Paper Shredder",Office Supplies,East,1,151,151,65,86
ORD-12003,2024-06-05,"Summit Financial","Mechanical Backlit Keyboard",Accessories,Central,2,116,232,96,136
ORD-12004,2024-06-27,"Vanguard Industrial","1080p Studio Webcam",Accessories,South,3,99,297,114,183
ORD-12005,2024-03-13,"BluePeak Software","Noise-Cancelling Headphones",Electronics,East,5,230,1150,550,600
ORD-12006,2024-07-05,"Stellar Media","UltraBook Pro 15",Electronics,East,2,1267,2534,1700,834
ORD-12007,2025-06-02,"Vanguard Industrial","High-Yield Toner Cartridges",Office Supplies,West,1,89,89,28,61
ORD-12008,2025-01-26,"Nexus Enterprises","Ergonomic Vertical Mouse",Accessories,West,2,67,134,48,86
ORD-12009,2024-03-14,"Atlas Energy","Universal Laptop Stand",Accessories,East,9,49,441,144,297
ORD-12010,2025-11-25,"Apex Retail","Acoustic Privacy Panel",Furniture,North,2,138,276,120,156
ORD-12011,2024-10-10,"Atlas Energy","Standing Motorized Desk",Furniture,East,1,649,649,330,319
ORD-12012,2025-04-29,"Stellar Media","High-Yield Toner Cartridges",Office Supplies,East,2,85,170,56,114
ORD-12013,2025-10-08,"Horizon Technologies","4K Ultra Monitor 32""",Electronics,West,2,494,988,640,348
ORD-12014,2025-02-20,"Velocity Freight","1080p Studio Webcam",Accessories,North,4,99,396,152,244
ORD-12015,2025-09-22,"Nexus Enterprises","Thunderbolt 4 Docking Hub",Accessories,West,2,208,416,190,226
ORD-12016,2024-11-09,"Atlas Energy","Thunderbolt 4 Docking Hub",Accessories,North,1,214,214,95,119
ORD-12017,2024-01-03,"Atlas Energy","Ergonomic Executive Chair",Furniture,South,1,399,399,190,209
ORD-12018,2025-03-27,"Vertex Health","LaserJet High-Speed Printer",Office Supplies,West,1,449,449,280,169
ORD-12019,2024-12-28,"Summit Financial","Ergonomic Executive Chair",Furniture,West,5,389,1945,950,995
ORD-12020,2025-03-11,"Vertex Health","Acoustic Privacy Panel",Furniture,South,2,149,298,120,178
ORD-12021,2025-09-06,"Prime Dynamics","Heavy-Duty Paper Shredder",Office Supplies,West,4,151,604,260,344
ORD-12022,2024-01-07,"Vanguard Industrial","Acoustic Privacy Panel",Furniture,North,4,142,568,240,328
ORD-12023,2024-07-19,"Zenith Dynamics","Standing Motorized Desk",Furniture,East,4,649,2596,1320,1276
ORD-12024,2024-11-26,"Prime Dynamics","Noise-Cancelling Headphones",Electronics,East,1,243,243,110,133
ORD-12025,2025-09-30,"Prime Dynamics","Ergonomic Executive Chair",Furniture,South,1,369,369,190,179
ORD-12026,2025-11-21,"Prime Dynamics","Thunderbolt 4 Docking Hub",Accessories,South,2,197,394,190,204
ORD-12027,2024-09-25,"Zenith Dynamics","Thunderbolt 4 Docking Hub",Accessories,Central,2,214,428,190,238
ORD-12028,2024-01-17,"Apex Retail","Heavy-Duty Paper Shredder",Office Supplies,North,2,155,310,130,180
ORD-12029,2025-01-25,"Crestview Solutions","Thunderbolt 4 Docking Hub",Accessories,East,1,214,214,95,119
ORD-12030,2024-12-31,"Stellar Media","Ergonomic Vertical Mouse",Accessories,North,2,67,134,48,86
ORD-12031,2024-09-18,"Quantum Edge","Locking Storage Credenza",Furniture,East,1,397,397,210,187
ORD-12032,2025-11-27,"Cascade Ventures","Ergonomic Executive Chair",Furniture,West,2,379,758,380,378
ORD-12033,2025-07-16,"Vertex Health","Heavy-Duty Paper Shredder",Office Supplies,West,2,155,310,130,180
ORD-12034,2025-08-08,"Beacon Partners","Ergonomic Vertical Mouse",Accessories,East,2,69,138,48,90
ORD-12035,2024-03-30,"Lumina Systems","Noise-Cancelling Headphones",Electronics,South,2,243,486,220,266
ORD-12036,2024-03-10,"Vanguard Industrial","High-Yield Toner Cartridges",Office Supplies,Central,15,89,1335,420,915
ORD-12037,2024-07-19,"Atlas Energy","Smart Wireless Router",Electronics,Central,2,170,340,150,190
ORD-12038,2025-11-25,"Cascade Ventures","Smart Wireless Router",Electronics,Central,2,170,340,150,190
ORD-12039,2024-10-10,"Acme Corp","Locking Storage Credenza",Furniture,South,3,397,1191,630,561
ORD-12040,2025-05-16,"Summit Financial","UltraBook Pro 15",Electronics,West,1,1234,1234,850,384
ORD-12041,2024-09-23,"Pinnacle Goods","Locking Storage Credenza",Furniture,East,6,418,2508,1260,1248
ORD-12042,2025-02-18,"Quantum Edge","4K Ultra Monitor 32""",Electronics,South,2,549,1098,640,458
ORD-12043,2025-11-29,"Acme Corp","Thunderbolt 4 Docking Hub",Accessories,Central,6,214,1284,570,714
ORD-12044,2024-07-20,"Horizon Technologies","1080p Studio Webcam",Accessories,Central,2,97,194,76,118
ORD-12045,2025-02-06,"Prime Dynamics","High-Yield Toner Cartridges",Office Supplies,South,1,87,87,28,59
ORD-12046,2024-01-06,"Global Logistics","Mechanical Backlit Keyboard",Accessories,North,14,119,1666,672,994
ORD-12047,2025-03-13,"Atlas Energy","Ergonomic Executive Chair",Furniture,South,4,379,1516,760,756
ORD-12048,2024-07-05,"Global Logistics","Ergonomic Vertical Mouse",Accessories,East,1,64,64,24,40
ORD-12049,2025-06-27,"Pinnacle Goods","Ergonomic Vertical Mouse",Accessories,East,2,64,128,48,80
ORD-12050,2024-07-05,"Cascade Ventures","Heavy-Duty Paper Shredder",Office Supplies,East,1,143,143,65,78
ORD-12051,2025-03-09,"Apex Retail","Modular Conference Table",Furniture,West,1,1079,1079,620,459
ORD-12052,2024-03-10,"Vanguard Industrial","Locking Storage Credenza",Furniture,Central,1,386,386,210,176
ORD-12053,2024-04-25,"Acme Corp","Thunderbolt 4 Docking Hub",Accessories,North,1,208,208,95,113
ORD-12054,2024-12-21,"Prime Dynamics","High-Yield Toner Cartridges",Office Supplies,Central,2,87,174,56,118
ORD-12055,2025-12-06,"Velocity Freight","Enterprise Server X1",Electronics,North,6,2682,16092,10800,5292
ORD-12056,2024-06-13,"Beacon Partners","Thunderbolt 4 Docking Hub",Accessories,East,1,219,219,95,124
ORD-12057,2025-09-11,"Apex Retail","Smart Wireless Router",Electronics,Central,2,179,358,150,208
ORD-12058,2024-07-26,"Lumina Systems","Modular Conference Table",Furniture,South,2,1109,2218,1240,978
ORD-12059,2024-09-29,"Prime Dynamics","LaserJet High-Speed Printer",Office Supplies,South,5,474,2370,1400,970
ORD-12060,2025-03-13,"Cascade Ventures","Noise-Cancelling Headphones",Electronics,Central,2,249,498,220,278
ORD-12061,2025-11-29,"Apex Retail","Standing Motorized Desk",Furniture,South,1,584,584,330,254
ORD-12062,2025-01-14,"Summit Financial","Thunderbolt 4 Docking Hub",Accessories,East,2,203,406,190,216
ORD-12063,2025-04-20,"Vertex Health","Standing Motorized Desk",Furniture,East,2,649,1298,660,638
ORD-12064,2025-10-23,"BluePeak Software","Thunderbolt 4 Docking Hub",Accessories,Central,1,219,219,95,124
ORD-12065,2025-02-27,"Vanguard Industrial","Heavy-Duty Paper Shredder",Office Supplies,North,1,147,147,65,82
ORD-12066,2025-11-05,"BluePeak Software","Heavy-Duty Paper Shredder",Office Supplies,West,2,155,310,130,180
ORD-12067,2024-02-07,"Beacon Partners","Thunderbolt 4 Docking Hub",Accessories,South,2,214,428,190,238
ORD-12068,2024-12-10,"BluePeak Software","1080p Studio Webcam",Accessories,Central,1,97,97,38,59
ORD-12069,2024-09-01,"Prime Dynamics","Noise-Cancelling Headphones",Electronics,East,2,243,486,220,266
ORD-12070,2024-08-08,"Nexus Enterprises","4K Ultra Monitor 32""",Electronics,North,4,508,2032,1280,752
ORD-12071,2024-03-22,"Summit Financial","Locking Storage Credenza",Furniture,Central,3,408,1224,630,594
ORD-12072,2025-08-03,"Cascade Ventures","Locking Storage Credenza",Furniture,Central,1,408,408,210,198
ORD-12073,2025-02-25,"BluePeak Software","Thunderbolt 4 Docking Hub",Accessories,South,2,203,406,190,216
ORD-12074,2024-10-29,"Horizon Technologies","Acoustic Privacy Panel",Furniture,Central,6,145,870,360,510
ORD-12075,2024-06-16,"Stellar Media","Thunderbolt 4 Docking Hub",Accessories,East,1,214,214,95,119
ORD-12076,2025-08-03,"Horizon Technologies","Ergonomic Vertical Mouse",Accessories,Central,5,64,320,120,200
ORD-12077,2024-08-06,"Cascade Ventures","Locking Storage Credenza",Furniture,North,2,408,816,420,396
ORD-12078,2025-02-03,"Lumina Systems","UltraBook Pro 15",Electronics,East,1,1202,1202,850,352
ORD-12079,2025-09-29,"Apex Retail","Mechanical Backlit Keyboard",Accessories,West,2,129,258,96,162
ORD-12080,2025-05-11,"Atlas Energy","Ergonomic Vertical Mouse",Accessories,North,2,62,124,48,76
ORD-12081,2025-05-03,"Pinnacle Goods","Universal Laptop Stand",Accessories,West,4,44,176,64,112
ORD-12082,2025-06-13,"Beacon Partners","Thunderbolt 4 Docking Hub",Accessories,West,2,214,428,190,238
ORD-12083,2024-12-14,"Nexus Enterprises","Universal Laptop Stand",Accessories,Central,6,45,270,96,174
ORD-12084,2025-01-08,"Beacon Partners","Locking Storage Credenza",Furniture,North,2,397,794,420,374
ORD-12085,2024-07-17,"Beacon Partners","1080p Studio Webcam",Accessories,Central,3,99,297,114,183
ORD-12086,2025-03-17,"Crestview Solutions","Noise-Cancelling Headphones",Electronics,South,1,230,230,110,120
ORD-12087,2025-12-23,"Quantum Edge","Heavy-Duty Paper Shredder",Office Supplies,South,1,143,143,65,78
ORD-12088,2024-11-06,"Apex Retail","Mechanical Backlit Keyboard",Accessories,North,2,126,252,96,156
ORD-12089,2025-12-15,"BluePeak Software","Noise-Cancelling Headphones",Electronics,West,4,230,920,440,480
ORD-12090,2024-01-18,"Acme Corp","Standing Motorized Desk",Furniture,West,4,617,2468,1320,1148
ORD-12091,2024-03-18,"Velocity Freight","LaserJet High-Speed Printer",Office Supplies,South,2,462,924,560,364
ORD-12092,2025-01-14,"Atlas Energy","1080p Studio Webcam",Accessories,East,1,94,94,38,56
ORD-12093,2025-01-17,"Apex Retail","Modular Conference Table",Furniture,Central,12,1169,14028,7440,6588
ORD-12094,2024-06-14,"BluePeak Software","UltraBook Pro 15",Electronics,South,1,1234,1234,850,384
ORD-12095,2024-04-13,"Global Logistics","Modular Conference Table",Furniture,West,1,1139,1139,620,519
ORD-12096,2024-10-28,"Crestview Solutions","Thunderbolt 4 Docking Hub",Accessories,North,1,208,208,95,113
ORD-12097,2025-05-30,"Global Logistics","Enterprise Server X1",Electronics,North,4,2754,11016,7200,3816
ORD-12098,2025-07-07,"Velocity Freight","Locking Storage Credenza",Furniture,East,5,418,2090,1050,1040
ORD-12099,2025-03-16,"Velocity Freight","Locking Storage Credenza",Furniture,West,2,397,794,420,374
ORD-12100,2024-12-03,"Zenith Dynamics","Ergonomic Vertical Mouse",Accessories,East,4,66,264,96,168
ORD-12101,2024-08-01,"Global Logistics","Noise-Cancelling Headphones",Electronics,East,2,230,460,220,240
ORD-12102,2024-01-13,"Zenith Dynamics","Ergonomic Executive Chair",Furniture,North,6,359,2154,1140,1014
ORD-12103,2024-10-26,"Pinnacle Goods","Thunderbolt 4 Docking Hub",Accessories,East,1,203,203,95,108
ORD-12104,2025-04-22,"Summit Financial","4K Ultra Monitor 32""",Electronics,West,2,494,988,640,348
ORD-12105,2025-02-15,"Global Logistics","4K Ultra Monitor 32""",Electronics,North,1,535,535,320,215
ORD-12106,2024-12-06,"Crestview Solutions","Standing Motorized Desk",Furniture,North,6,600,3600,1980,1620
ORD-12107,2025-07-12,"Vertex Health","High-Yield Toner Cartridges",Office Supplies,South,3,85,255,84,171
ORD-12108,2024-05-01,"Cascade Ventures","Noise-Cancelling Headphones",Electronics,East,1,243,243,110,133
ORD-12109,2025-02-04,"Crestview Solutions","Noise-Cancelling Headphones",Electronics,South,1,230,230,110,120
ORD-12110,2025-01-30,"Apex Retail","Standing Motorized Desk",Furniture,West,2,600,1200,660,540
ORD-12111,2025-06-21,"Acme Corp","1080p Studio Webcam",Accessories,South,5,97,485,190,295
ORD-12112,2025-02-21,"Summit Financial","4K Ultra Monitor 32""",Electronics,East,4,535,2140,1280,860
ORD-12113,2025-10-17,"Acme Corp","Smart Wireless Router",Electronics,South,5,175,875,375,500
ORD-12114,2024-05-22,"Global Logistics","LaserJet High-Speed Printer",Office Supplies,East,4,499,1996,1120,876
ORD-12115,2024-11-28,"BluePeak Software","Standing Motorized Desk",Furniture,South,18,600,10800,5940,4860
ORD-12116,2025-07-03,"BluePeak Software","Smart Wireless Router",Electronics,West,10,175,1750,750,1000
ORD-12117,2024-11-28,"Global Logistics","Universal Laptop Stand",Accessories,West,1,48,48,16,32
ORD-12118,2024-03-24,"BluePeak Software","LaserJet High-Speed Printer",Office Supplies,North,2,462,924,560,364
ORD-12119,2024-01-18,"Beacon Partners","Smart Wireless Router",Electronics,North,1,170,170,75,95
ORD-12120,2024-11-14,"BluePeak Software","UltraBook Pro 15",Electronics,South,6,1299,7794,5100,2694
ORD-12121,2024-12-04,"Lumina Systems","Ergonomic Vertical Mouse",Accessories,North,1,67,67,24,43
ORD-12122,2025-03-29,"Horizon Technologies","Smart Wireless Router",Electronics,North,2,161,322,150,172
ORD-12123,2024-02-10,"Summit Financial","High-Yield Toner Cartridges",Office Supplies,West,5,85,425,140,285
ORD-12124,2024-11-05,"Zenith Dynamics","Mechanical Backlit Keyboard",Accessories,North,2,129,258,96,162
ORD-12125,2024-12-08,"Summit Financial","UltraBook Pro 15",Electronics,West,3,1267,3801,2550,1251
ORD-12126,2024-06-13,"Velocity Freight","Ergonomic Vertical Mouse",Accessories,South,1,67,67,24,43
ORD-12127,2025-10-24,"Vanguard Industrial","Heavy-Duty Paper Shredder",Office Supplies,North,6,151,906,390,516
ORD-12128,2024-12-17,"Lumina Systems","High-Yield Toner Cartridges",Office Supplies,North,2,80,160,56,104
ORD-12129,2025-09-22,"Prime Dynamics","Ergonomic Executive Chair",Furniture,West,2,389,778,380,398
ORD-12130,2025-09-01,"Global Logistics","Smart Wireless Router",Electronics,Central,1,179,179,75,104
ORD-12131,2025-02-22,"BluePeak Software","Universal Laptop Stand",Accessories,West,2,49,98,32,66
ORD-12132,2025-10-12,"Vertex Health","4K Ultra Monitor 32""",Electronics,West,1,522,522,320,202
ORD-12133,2024-03-30,"Atlas Energy","Locking Storage Credenza",Furniture,East,1,386,386,210,176
ORD-12134,2025-04-29,"Velocity Freight","Thunderbolt 4 Docking Hub",Accessories,Central,2,214,428,190,238
ORD-12135,2024-06-12,"Stellar Media","Ergonomic Executive Chair",Furniture,West,1,359,359,190,169
ORD-12136,2025-05-12,"Lumina Systems","Ergonomic Executive Chair",Furniture,West,1,369,369,190,179
ORD-12137,2025-05-03,"Stellar Media","Ergonomic Executive Chair",Furniture,East,2,389,778,380,398
ORD-12138,2025-07-17,"Lumina Systems","High-Yield Toner Cartridges",Office Supplies,South,6,87,522,168,354
ORD-12139,2024-11-14,"Stellar Media","Locking Storage Credenza",Furniture,East,1,397,397,210,187
ORD-12140,2025-01-03,"Prime Dynamics","Noise-Cancelling Headphones",Electronics,South,4,224,896,440,456
ORD-12141,2024-12-02,"Cascade Ventures","Universal Laptop Stand",Accessories,South,2,45,90,32,58
ORD-12142,2024-08-05,"Prime Dynamics","4K Ultra Monitor 32""",Electronics,Central,1,522,522,320,202
ORD-12143,2024-03-06,"Beacon Partners","Standing Motorized Desk",Furniture,North,2,649,1298,660,638
ORD-12144,2024-05-26,"Beacon Partners","Standing Motorized Desk",Furniture,Central,4,649,2596,1320,1276
ORD-12145,2024-05-15,"Vertex Health","Noise-Cancelling Headphones",Electronics,Central,5,243,1215,550,665
ORD-12146,2024-09-03,"Beacon Partners","Thunderbolt 4 Docking Hub",Accessories,North,1,197,197,95,102
ORD-12147,2025-10-25,"Summit Financial","High-Yield Toner Cartridges",Office Supplies,Central,1,89,89,28,61
ORD-12148,2024-01-12,"Summit Financial","Smart Wireless Router",Electronics,North,2,166,332,150,182
ORD-12149,2024-05-01,"Atlas Energy","LaserJet High-Speed Printer",Office Supplies,North,6,449,2694,1680,1014
ORD-12150,2025-01-05,"Nexus Enterprises","Ergonomic Vertical Mouse",Accessories,North,1,62,62,24,38
ORD-12151,2025-05-28,"Lumina Systems","LaserJet High-Speed Printer",Office Supplies,East,1,449,449,280,169
ORD-12152,2024-12-25,"Atlas Energy","Modular Conference Table",Furniture,North,1,1169,1169,620,549
ORD-12153,2025-10-23,"Stellar Media","LaserJet High-Speed Printer",Office Supplies,East,1,487,487,280,207
ORD-12154,2024-05-02,"Velocity Freight","1080p Studio Webcam",Accessories,North,5,92,460,190,270
ORD-12155,2024-06-19,"Pinnacle Goods","Smart Wireless Router",Electronics,Central,1,179,179,75,104
ORD-12156,2024-01-21,"Prime Dynamics","Noise-Cancelling Headphones",Electronics,North,5,243,1215,550,665
ORD-12157,2024-08-24,"Prime Dynamics","Smart Wireless Router",Electronics,Central,1,179,179,75,104
ORD-12158,2024-08-11,"Nexus Enterprises","Universal Laptop Stand",Accessories,South,1,44,44,16,28
ORD-12159,2025-07-25,"Vertex Health","Smart Wireless Router",Electronics,West,2,161,322,150,172
ORD-12160,2024-03-06,"Horizon Technologies","Acoustic Privacy Panel",Furniture,West,2,138,276,120,156
ORD-12161,2025-03-31,"Crestview Solutions","High-Yield Toner Cartridges",Office Supplies,East,2,80,160,56,104
ORD-12162,2024-03-09,"Nexus Enterprises","Thunderbolt 4 Docking Hub",Accessories,East,1,203,203,95,108
ORD-12163,2024-10-03,"BluePeak Software","Acoustic Privacy Panel",Furniture,East,3,134,402,180,222
ORD-12164,2024-03-21,"Prime Dynamics","UltraBook Pro 15",Electronics,South,1,1202,1202,850,352
ORD-12165,2025-09-28,"Apex Retail","Thunderbolt 4 Docking Hub",Accessories,Central,3,197,591,285,306
ORD-12166,2024-03-23,"Velocity Freight","4K Ultra Monitor 32""",Electronics,North,1,535,535,320,215
ORD-12167,2025-05-06,"Quantum Edge","Noise-Cancelling Headphones",Electronics,East,1,237,237,110,127
ORD-12168,2024-01-30,"Nexus Enterprises","4K Ultra Monitor 32""",Electronics,South,2,535,1070,640,430
ORD-12169,2024-05-28,"Acme Corp","LaserJet High-Speed Printer",Office Supplies,East,14,449,6286,3920,2366
ORD-12170,2024-06-22,"Summit Financial","Thunderbolt 4 Docking Hub",Accessories,North,2,214,428,190,238
ORD-12171,2025-01-05,"Apex Retail","Mechanical Backlit Keyboard",Accessories,South,1,116,116,48,68
ORD-12172,2025-02-19,"Horizon Technologies","Acoustic Privacy Panel",Furniture,East,5,142,710,300,410
ORD-12173,2025-06-04,"Acme Corp","Enterprise Server X1",Electronics,North,1,2682,2682,1800,882
ORD-12174,2024-05-24,"Stellar Media","LaserJet High-Speed Printer",Office Supplies,Central,1,487,487,280,207
ORD-12175,2024-04-04,"Lumina Systems","Thunderbolt 4 Docking Hub",Accessories,South,2,214,428,190,238
ORD-12176,2024-01-18,"Crestview Solutions","Ergonomic Vertical Mouse",Accessories,East,1,64,64,24,40
ORD-12177,2024-01-19,"Summit Financial","Modular Conference Table",Furniture,North,2,1079,2158,1240,918
ORD-12178,2025-08-03,"Summit Financial","High-Yield Toner Cartridges",Office Supplies,East,6,80,480,168,312
ORD-12179,2024-02-27,"Crestview Solutions","Mechanical Backlit Keyboard",Accessories,Central,1,126,126,48,78
ORD-12180,2025-10-19,"Acme Corp","Smart Wireless Router",Electronics,Central,2,175,350,150,200
ORD-12181,2024-12-23,"Quantum Edge","Ergonomic Vertical Mouse",Accessories,North,1,66,66,24,42
ORD-12182,2025-08-04,"BluePeak Software","Enterprise Server X1",Electronics,South,1,2754,2754,1800,954
ORD-12183,2025-07-02,"Beacon Partners","UltraBook Pro 15",Electronics,Central,1,1234,1234,850,384
ORD-12184,2024-04-01,"Stellar Media","UltraBook Pro 15",Electronics,North,5,1202,6010,4250,1760
ORD-12185,2024-03-14,"Global Logistics","High-Yield Toner Cartridges",Office Supplies,West,2,89,178,56,122
ORD-12186,2024-12-21,"Zenith Dynamics","LaserJet High-Speed Printer",Office Supplies,South,2,474,948,560,388
ORD-12187,2025-03-27,"Summit Financial","Acoustic Privacy Panel",Furniture,South,5,138,690,300,390
ORD-12188,2025-10-16,"Vertex Health","Smart Wireless Router",Electronics,North,3,179,537,225,312
ORD-12189,2024-01-20,"BluePeak Software","1080p Studio Webcam",Accessories,Central,1,99,99,38,61
ORD-12190,2025-10-09,"Quantum Edge","Universal Laptop Stand",Accessories,Central,6,48,288,96,192
ORD-12191,2024-03-22,"Vertex Health","Thunderbolt 4 Docking Hub",Accessories,South,2,219,438,190,248
ORD-12192,2024-07-27,"Lumina Systems","1080p Studio Webcam",Accessories,West,1,97,97,38,59
ORD-12193,2025-09-11,"BluePeak Software","Modular Conference Table",Furniture,East,14,1139,15946,8680,7266
ORD-12194,2025-04-23,"Apex Retail","Modular Conference Table",Furniture,South,2,1139,2278,1240,1038
ORD-12195,2024-05-11,"Beacon Partners","Locking Storage Credenza",Furniture,East,6,386,2316,1260,1056
ORD-12196,2024-11-02,"Crestview Solutions","Ergonomic Vertical Mouse",Accessories,North,5,69,345,120,225
ORD-12197,2024-11-22,"Atlas Energy","Thunderbolt 4 Docking Hub",Accessories,Central,2,197,394,190,204
ORD-12198,2025-04-03,"Vanguard Industrial","LaserJet High-Speed Printer",Office Supplies,South,1,449,449,280,169
ORD-12199,2025-01-11,"BluePeak Software","1080p Studio Webcam",Accessories,East,2,89,178,76,102
ORD-12200,2024-10-21,"BluePeak Software","Enterprise Server X1",Electronics,South,1,2827,2827,1800,1027
ORD-12201,2025-02-03,"Apex Retail","Enterprise Server X1",Electronics,Central,6,2899,17394,10800,6594
ORD-12202,2024-02-10,"Nexus Enterprises","Mechanical Backlit Keyboard",Accessories,North,3,129,387,144,243
ORD-12203,2024-11-17,"Beacon Partners","UltraBook Pro 15",Electronics,Central,6,1202,7212,5100,2112
ORD-12204,2025-09-13,"Horizon Technologies","1080p Studio Webcam",Accessories,South,1,92,92,38,54
ORD-12205,2025-11-24,"Cascade Ventures","Ergonomic Executive Chair",Furniture,North,2,379,758,380,378
ORD-12206,2024-12-13,"Velocity Freight","Locking Storage Credenza",Furniture,North,4,397,1588,840,748
ORD-12207,2024-12-02,"Atlas Energy","Universal Laptop Stand",Accessories,East,3,48,144,48,96
ORD-12208,2024-03-31,"Pinnacle Goods","Standing Motorized Desk",Furniture,North,6,649,3894,1980,1914
ORD-12209,2024-11-06,"Quantum Edge","Locking Storage Credenza",Furniture,East,2,397,794,420,374
ORD-12210,2024-07-29,"Vanguard Industrial","4K Ultra Monitor 32""",Electronics,South,15,549,8235,4800,3435
ORD-12211,2024-12-22,"Zenith Dynamics","Thunderbolt 4 Docking Hub",Accessories,East,3,203,609,285,324
ORD-12212,2024-05-30,"Lumina Systems","UltraBook Pro 15",Electronics,South,11,1299,14289,9350,4939
ORD-12213,2024-07-04,"Atlas Energy","Locking Storage Credenza",Furniture,West,5,397,1985,1050,935
ORD-12214,2025-12-01,"BluePeak Software","Mechanical Backlit Keyboard",Accessories,East,4,129,516,192,324
ORD-12215,2025-06-18,"Summit Financial","Thunderbolt 4 Docking Hub",Accessories,North,1,214,214,95,119
ORD-12216,2024-07-17,"Global Logistics","Mechanical Backlit Keyboard",Accessories,East,1,126,126,48,78
ORD-12217,2024-12-01,"Zenith Dynamics","UltraBook Pro 15",Electronics,North,1,1234,1234,850,384
ORD-12218,2025-11-06,"Prime Dynamics","Universal Laptop Stand",Accessories,North,3,44,132,48,84
ORD-12219,2024-07-08,"Summit Financial","Enterprise Server X1",Electronics,West,2,2682,5364,3600,1764
ORD-12220,2025-10-18,"Quantum Edge","Acoustic Privacy Panel",Furniture,Central,1,142,142,60,82
ORD-12221,2025-05-25,"Apex Retail","Ergonomic Executive Chair",Furniture,North,5,399,1995,950,1045
ORD-12222,2024-04-08,"Cascade Ventures","Noise-Cancelling Headphones",Electronics,South,2,230,460,220,240
ORD-12223,2024-05-26,"Zenith Dynamics","UltraBook Pro 15",Electronics,Central,1,1267,1267,850,417
ORD-12224,2025-12-08,"Lumina Systems","Ergonomic Vertical Mouse",Accessories,Central,2,67,134,48,86
ORD-12225,2025-08-14,"Nexus Enterprises","1080p Studio Webcam",Accessories,North,2,94,188,76,112
ORD-12226,2024-07-20,"Atlas Energy","High-Yield Toner Cartridges",Office Supplies,South,6,82,492,168,324
ORD-12227,2025-04-23,"Pinnacle Goods","Noise-Cancelling Headphones",Electronics,East,1,249,249,110,139
ORD-12228,2024-06-02,"Beacon Partners","Modular Conference Table",Furniture,Central,1,1079,1079,620,459
ORD-12229,2024-02-01,"Pinnacle Goods","Smart Wireless Router",Electronics,West,2,166,332,150,182
ORD-12230,2025-05-05,"Vanguard Industrial","Locking Storage Credenza",Furniture,North,2,397,794,420,374
ORD-12231,2024-06-26,"Atlas Energy","Modular Conference Table",Furniture,Central,4,1139,4556,2480,2076
ORD-12232,2024-11-01,"Cascade Ventures","Ergonomic Vertical Mouse",Accessories,North,2,69,138,48,90
ORD-12233,2025-11-13,"Vertex Health","Mechanical Backlit Keyboard",Accessories,North,2,119,238,96,142
ORD-12234,2025-08-28,"Quantum Edge","Universal Laptop Stand",Accessories,West,2,45,90,32,58
ORD-12235,2024-08-21,"Pinnacle Goods","UltraBook Pro 15",Electronics,South,3,1202,3606,2550,1056
ORD-12236,2024-09-23,"Pinnacle Goods","Mechanical Backlit Keyboard",Accessories,Central,3,123,369,144,225
ORD-12237,2025-10-09,"Crestview Solutions","Universal Laptop Stand",Accessories,East,1,49,49,16,33
ORD-12238,2025-04-29,"Summit Financial","UltraBook Pro 15",Electronics,East,2,1202,2404,1700,704
ORD-12239,2025-09-29,"Summit Financial","Locking Storage Credenza",Furniture,North,4,418,1672,840,832
ORD-12240,2024-08-30,"Beacon Partners","Smart Wireless Router",Electronics,North,3,166,498,225,273
ORD-12241,2024-09-24,"Vanguard Industrial","Heavy-Duty Paper Shredder",Office Supplies,East,3,143,429,195,234
ORD-12242,2024-10-05,"Velocity Freight","Thunderbolt 4 Docking Hub",Accessories,West,2,197,394,190,204
ORD-12243,2024-02-28,"Cascade Ventures","Mechanical Backlit Keyboard",Accessories,East,2,123,246,96,150
ORD-12244,2024-09-08,"Atlas Energy","Thunderbolt 4 Docking Hub",Accessories,South,2,214,428,190,238
ORD-12245,2025-08-08,"Pinnacle Goods","Heavy-Duty Paper Shredder",Office Supplies,East,3,155,465,195,270
ORD-12246,2024-02-04,"Beacon Partners","Acoustic Privacy Panel",Furniture,East,2,142,284,120,164
ORD-12247,2025-01-10,"Velocity Freight","LaserJet High-Speed Printer",Office Supplies,East,3,474,1422,840,582
ORD-12248,2024-02-11,"Beacon Partners","Universal Laptop Stand",Accessories,West,1,48,48,16,32
ORD-12249,2024-04-19,"Pinnacle Goods","Ergonomic Executive Chair",Furniture,Central,1,389,389,190,199
ORD-12250,2025-08-01,"Cascade Ventures","High-Yield Toner Cartridges",Office Supplies,South,1,80,80,28,52
ORD-12251,2024-02-11,"Cascade Ventures","High-Yield Toner Cartridges",Office Supplies,North,3,80,240,84,156
ORD-12252,2024-08-12,"Crestview Solutions","Enterprise Server X1",Electronics,Central,6,2609,15654,10800,4854
ORD-12253,2024-03-12,"Prime Dynamics","Universal Laptop Stand",Accessories,West,1,44,44,16,28
ORD-12254,2025-06-09,"Nexus Enterprises","Locking Storage Credenza",Furniture,East,2,429,858,420,438
ORD-12255,2024-11-12,"Acme Corp","Ergonomic Vertical Mouse",Accessories,South,3,66,198,72,126
ORD-12256,2024-09-07,"Quantum Edge","Locking Storage Credenza",Furniture,South,2,386,772,420,352
ORD-12257,2025-12-05,"Prime Dynamics","High-Yield Toner Cartridges",Office Supplies,Central,6,85,510,168,342
ORD-12258,2024-11-22,"Vertex Health","Ergonomic Executive Chair",Furniture,Central,14,369,5166,2660,2506
ORD-12259,2024-11-23,"Crestview Solutions","Smart Wireless Router",Electronics,North,2,170,340,150,190
ORD-12260,2025-06-01,"Vertex Health","Thunderbolt 4 Docking Hub",Accessories,South,2,208,416,190,226
ORD-12261,2024-07-11,"Summit Financial","LaserJet High-Speed Printer",Office Supplies,West,1,474,474,280,194
ORD-12262,2024-08-28,"Beacon Partners","UltraBook Pro 15",Electronics,South,2,1202,2404,1700,704
ORD-12263,2025-09-24,"Vanguard Industrial","Noise-Cancelling Headphones",Electronics,East,2,237,474,220,254
ORD-12264,2025-08-06,"Vanguard Industrial","Locking Storage Credenza",Furniture,Central,2,429,858,420,438
ORD-12265,2025-10-19,"Global Logistics","Ergonomic Vertical Mouse",Accessories,East,2,66,132,48,84
ORD-12266,2024-09-16,"Atlas Energy","Ergonomic Executive Chair",Furniture,South,5,369,1845,950,895
ORD-12267,2025-12-10,"Lumina Systems","UltraBook Pro 15",Electronics,Central,2,1169,2338,1700,638
ORD-12268,2024-03-02,"Prime Dynamics","Modular Conference Table",Furniture,West,2,1109,2218,1240,978
ORD-12269,2024-03-09,"Vanguard Industrial","Standing Motorized Desk",Furniture,Central,1,649,649,330,319
ORD-12270,2025-05-24,"Cascade Ventures","Enterprise Server X1",Electronics,Central,1,2899,2899,1800,1099
ORD-12271,2025-07-30,"Cascade Ventures","Mechanical Backlit Keyboard",Accessories,Central,4,129,516,192,324
ORD-12272,2025-12-24,"Acme Corp","4K Ultra Monitor 32""",Electronics,North,1,522,522,320,202
ORD-12273,2025-10-14,"Apex Retail","Acoustic Privacy Panel",Furniture,Central,5,138,690,300,390
ORD-12274,2025-11-16,"Nexus Enterprises","Universal Laptop Stand",Accessories,Central,19,44,836,304,532
ORD-12275,2025-12-11,"Global Logistics","Heavy-Duty Paper Shredder",Office Supplies,West,5,147,735,325,410
ORD-12276,2024-12-15,"Prime Dynamics","Smart Wireless Router",Electronics,East,18,170,3060,1350,1710
ORD-12277,2024-11-22,"Velocity Freight","Ergonomic Vertical Mouse",Accessories,West,5,62,310,120,190
ORD-12278,2025-11-26,"Vanguard Industrial","Thunderbolt 4 Docking Hub",Accessories,Central,2,203,406,190,216
ORD-12279,2024-09-23,"BluePeak Software","Ergonomic Executive Chair",Furniture,North,16,379,6064,3040,3024
ORD-12280,2024-06-18,"Summit Financial","Enterprise Server X1",Electronics,North,1,2899,2899,1800,1099
ORD-12281,2025-09-10,"Quantum Edge","Acoustic Privacy Panel",Furniture,South,2,138,276,120,156
ORD-12282,2024-12-09,"Lumina Systems","Acoustic Privacy Panel",Furniture,North,3,142,426,180,246
ORD-12283,2024-05-31,"Apex Retail","1080p Studio Webcam",Accessories,South,6,97,582,228,354
ORD-12284,2025-02-21,"Pinnacle Goods","LaserJet High-Speed Printer",Office Supplies,Central,6,499,2994,1680,1314
ORD-12285,2025-06-03,"Stellar Media","Heavy-Duty Paper Shredder",Office Supplies,West,1,151,151,65,86
ORD-12286,2024-07-31,"Beacon Partners","Enterprise Server X1",Electronics,Central,3,2827,8481,5400,3081
ORD-12287,2024-02-03,"Global Logistics","UltraBook Pro 15",Electronics,West,2,1299,2598,1700,898
ORD-12288,2024-01-08,"Apex Retail","Universal Laptop Stand",Accessories,Central,1,48,48,16,32
ORD-12289,2024-10-19,"Acme Corp","LaserJet High-Speed Printer",Office Supplies,Central,1,487,487,280,207
ORD-12290,2024-05-13,"Pinnacle Goods","Ergonomic Vertical Mouse",Accessories,East,2,64,128,48,80
ORD-12291,2024-07-19,"Stellar Media","Noise-Cancelling Headphones",Electronics,South,3,224,672,330,342
ORD-12292,2024-11-26,"Apex Retail","Ergonomic Executive Chair",Furniture,South,2,359,718,380,338
ORD-12293,2025-10-17,"Horizon Technologies","Heavy-Duty Paper Shredder",Office Supplies,East,2,147,294,130,164
ORD-12294,2024-11-07,"Vertex Health","Noise-Cancelling Headphones",Electronics,South,3,243,729,330,399
ORD-12295,2024-09-22,"BluePeak Software","Noise-Cancelling Headphones",Electronics,North,1,243,243,110,133
ORD-12296,2024-03-25,"Crestview Solutions","Heavy-Duty Paper Shredder",Office Supplies,South,2,159,318,130,188
ORD-12297,2024-10-06,"Vertex Health","1080p Studio Webcam",Accessories,South,1,97,97,38,59
ORD-12298,2024-02-07,"Vertex Health","Enterprise Server X1",Electronics,Central,2,2827,5654,3600,2054
ORD-12299,2025-06-27,"Horizon Technologies","Ergonomic Vertical Mouse",Accessories,Central,2,64,128,48,80
ORD-12300,2024-02-12,"Stellar Media","Ergonomic Executive Chair",Furniture,South,11,359,3949,2090,1859
ORD-12301,2024-11-08,"Apex Retail","1080p Studio Webcam",Accessories,Central,1,89,89,38,51
ORD-12302,2025-05-29,"Quantum Edge","Ergonomic Vertical Mouse",Accessories,South,6,67,402,144,258
ORD-12303,2024-09-26,"Prime Dynamics","Ergonomic Executive Chair",Furniture,East,5,359,1795,950,845
ORD-12304,2024-10-30,"Nexus Enterprises","Heavy-Duty Paper Shredder",Office Supplies,Central,1,143,143,65,78
ORD-12305,2025-10-28,"Quantum Edge","High-Yield Toner Cartridges",Office Supplies,South,2,87,174,56,118
ORD-12306,2024-06-20,"Stellar Media","Mechanical Backlit Keyboard",Accessories,West,5,126,630,240,390
ORD-12307,2025-11-07,"Cascade Ventures","Smart Wireless Router",Electronics,Central,1,175,175,75,100
ORD-12308,2024-07-29,"Global Logistics","Smart Wireless Router",Electronics,North,4,179,716,300,416
ORD-12309,2025-02-19,"Apex Retail","Heavy-Duty Paper Shredder",Office Supplies,Central,5,159,795,325,470
ORD-12310,2025-10-05,"Prime Dynamics","LaserJet High-Speed Printer",Office Supplies,West,2,449,898,560,338
ORD-12311,2025-06-24,"Vertex Health","LaserJet High-Speed Printer",Office Supplies,North,1,462,462,280,182
ORD-12312,2024-08-01,"Pinnacle Goods","Universal Laptop Stand",Accessories,West,3,44,132,48,84
ORD-12313,2024-05-23,"Velocity Freight","Acoustic Privacy Panel",Furniture,South,2,138,276,120,156
ORD-12314,2024-05-21,"BluePeak Software","Locking Storage Credenza",Furniture,West,1,418,418,210,208
ORD-12315,2024-08-19,"Summit Financial","Modular Conference Table",Furniture,South,2,1199,2398,1240,1158
ORD-12316,2025-07-26,"BluePeak Software","Universal Laptop Stand",Accessories,West,1,47,47,16,31
ORD-12317,2025-02-11,"BluePeak Software","Universal Laptop Stand",Accessories,East,3,45,135,48,87
ORD-12318,2025-02-13,"Prime Dynamics","Enterprise Server X1",Electronics,East,1,2899,2899,1800,1099
ORD-12319,2025-02-17,"Acme Corp","1080p Studio Webcam",Accessories,East,1,94,94,38,56
ORD-12320,2025-07-05,"Vertex Health","Thunderbolt 4 Docking Hub",Accessories,West,3,208,624,285,339
ORD-12321,2025-11-18,"Nexus Enterprises","Mechanical Backlit Keyboard",Accessories,South,2,126,252,96,156
ORD-12322,2024-11-28,"Acme Corp","Smart Wireless Router",Electronics,Central,5,170,850,375,475
ORD-12323,2025-05-26,"Prime Dynamics","Noise-Cancelling Headphones",Electronics,Central,2,249,498,220,278
ORD-12324,2024-10-02,"Apex Retail","Locking Storage Credenza",Furniture,East,2,418,836,420,416
ORD-12325,2024-09-28,"Velocity Freight","Thunderbolt 4 Docking Hub",Accessories,Central,2,219,438,190,248
ORD-12326,2024-08-14,"Quantum Edge","High-Yield Toner Cartridges",Office Supplies,South,2,89,178,56,122
ORD-12327,2025-07-24,"Acme Corp","4K Ultra Monitor 32""",Electronics,South,2,549,1098,640,458
ORD-12328,2024-06-16,"Quantum Edge","Ergonomic Vertical Mouse",Accessories,North,2,64,128,48,80
ORD-12329,2024-12-30,"Horizon Technologies","Standing Motorized Desk",Furniture,West,5,600,3000,1650,1350
ORD-12330,2024-02-24,"Velocity Freight","High-Yield Toner Cartridges",Office Supplies,North,1,85,85,28,57
ORD-12331,2025-11-20,"Atlas Energy","Ergonomic Vertical Mouse",Accessories,East,1,62,62,24,38
ORD-12332,2024-05-17,"BluePeak Software","4K Ultra Monitor 32""",Electronics,North,3,522,1566,960,606
ORD-12333,2024-05-02,"Atlas Energy","Thunderbolt 4 Docking Hub",Accessories,South,6,203,1218,570,648
ORD-12334,2024-11-15,"Summit Financial","Ergonomic Vertical Mouse",Accessories,South,2,64,128,48,80
ORD-12335,2024-07-30,"Summit Financial","Enterprise Server X1",Electronics,North,2,2754,5508,3600,1908
ORD-12336,2025-12-16,"Lumina Systems","Ergonomic Vertical Mouse",Accessories,West,1,66,66,24,42
ORD-12337,2025-03-28,"Velocity Freight","Mechanical Backlit Keyboard",Accessories,North,1,129,129,48,81
ORD-12338,2025-06-11,"BluePeak Software","Thunderbolt 4 Docking Hub",Accessories,Central,1,203,203,95,108
ORD-12339,2024-11-11,"Velocity Freight","Smart Wireless Router",Electronics,Central,3,170,510,225,285
ORD-12340,2024-10-28,"Pinnacle Goods","Heavy-Duty Paper Shredder",Office Supplies,Central,2,143,286,130,156
ORD-12341,2024-10-21,"Global Logistics","Locking Storage Credenza",Furniture,East,1,386,386,210,176
ORD-12342,2024-11-14,"Acme Corp","4K Ultra Monitor 32""",Electronics,South,2,549,1098,640,458
ORD-12343,2025-06-17,"Beacon Partners","Modular Conference Table",Furniture,West,4,1079,4316,2480,1836
ORD-12344,2024-07-01,"Prime Dynamics","Universal Laptop Stand",Accessories,West,3,48,144,48,96
ORD-12345,2025-10-25,"Crestview Solutions","LaserJet High-Speed Printer",Office Supplies,East,1,449,449,280,169
ORD-12346,2024-12-25,"Cascade Ventures","Mechanical Backlit Keyboard",Accessories,South,4,123,492,192,300
ORD-12347,2024-05-08,"Apex Retail","Enterprise Server X1",Electronics,South,2,2754,5508,3600,1908
ORD-12348,2025-07-16,"Global Logistics","Ergonomic Executive Chair",Furniture,East,1,399,399,190,209
ORD-12349,2025-03-21,"Quantum Edge","Thunderbolt 4 Docking Hub",Accessories,West,1,219,219,95,124
ORD-12350,2024-03-13,"BluePeak Software","Thunderbolt 4 Docking Hub",Accessories,South,15,208,3120,1425,1695
ORD-12351,2025-11-12,"Prime Dynamics","Smart Wireless Router",Electronics,South,6,175,1050,450,600
ORD-12352,2024-01-05,"Acme Corp","Acoustic Privacy Panel",Furniture,Central,4,138,552,240,312
ORD-12353,2025-11-14,"Global Logistics","Enterprise Server X1",Electronics,East,1,2827,2827,1800,1027
ORD-12354,2024-08-20,"BluePeak Software","Standing Motorized Desk",Furniture,West,1,617,617,330,287
ORD-12355,2025-03-08,"Pinnacle Goods","LaserJet High-Speed Printer",Office Supplies,East,1,474,474,280,194
ORD-12356,2025-03-18,"Summit Financial","Mechanical Backlit Keyboard",Accessories,North,2,119,238,96,142
ORD-12357,2025-09-03,"Vertex Health","LaserJet High-Speed Printer",Office Supplies,East,1,462,462,280,182
ORD-12358,2024-07-29,"Global Logistics","UltraBook Pro 15",Electronics,West,2,1299,2598,1700,898
ORD-12359,2024-01-18,"Horizon Technologies","Thunderbolt 4 Docking Hub",Accessories,Central,11,203,2233,1045,1188
ORD-12360,2024-10-28,"Prime Dynamics","Mechanical Backlit Keyboard",Accessories,Central,5,116,580,240,340
ORD-12361,2024-01-08,"Nexus Enterprises","Mechanical Backlit Keyboard",Accessories,East,3,119,357,144,213
ORD-12362,2024-03-17,"Global Logistics","4K Ultra Monitor 32""",Electronics,West,1,535,535,320,215
ORD-12363,2025-11-27,"Summit Financial","1080p Studio Webcam",Accessories,West,1,89,89,38,51
ORD-12364,2025-05-04,"Quantum Edge","Mechanical Backlit Keyboard",Accessories,East,1,129,129,48,81
ORD-12365,2025-07-13,"BluePeak Software","Ergonomic Vertical Mouse",Accessories,West,6,69,414,144,270
ORD-12366,2024-10-08,"Stellar Media","Thunderbolt 4 Docking Hub",Accessories,West,3,208,624,285,339
ORD-12367,2024-05-21,"Stellar Media","Universal Laptop Stand",Accessories,Central,2,49,98,32,66
ORD-12368,2025-11-06,"Crestview Solutions","Standing Motorized Desk",Furniture,South,9,617,5553,2970,2583
ORD-12369,2025-03-27,"Prime Dynamics","Locking Storage Credenza",Furniture,North,3,397,1191,630,561
ORD-12370,2024-12-24,"Quantum Edge","Noise-Cancelling Headphones",Electronics,South,2,230,460,220,240
ORD-12371,2024-12-31,"Summit Financial","UltraBook Pro 15",Electronics,Central,2,1169,2338,1700,638
ORD-12372,2025-02-21,"Zenith Dynamics","1080p Studio Webcam",Accessories,East,1,92,92,38,54
ORD-12373,2024-12-16,"Vertex Health","Ergonomic Executive Chair",Furniture,Central,2,359,718,380,338
ORD-12374,2024-10-23,"Global Logistics","High-Yield Toner Cartridges",Office Supplies,South,17,82,1394,476,918
ORD-12375,2024-04-29,"Vanguard Industrial","Thunderbolt 4 Docking Hub",Accessories,Central,1,197,197,95,102
ORD-12376,2024-02-28,"Quantum Edge","Ergonomic Executive Chair",Furniture,East,5,379,1895,950,945
ORD-12377,2025-02-12,"Zenith Dynamics","Noise-Cancelling Headphones",Electronics,South,3,237,711,330,381
ORD-12378,2024-08-11,"Vanguard Industrial","Ergonomic Executive Chair",Furniture,East,1,369,369,190,179
ORD-12379,2024-05-28,"Acme Corp","4K Ultra Monitor 32""",Electronics,North,5,535,2675,1600,1075
ORD-12380,2025-10-01,"Horizon Technologies","Standing Motorized Desk",Furniture,Central,1,649,649,330,319
ORD-12381,2025-10-31,"Apex Retail","Noise-Cancelling Headphones",Electronics,Central,3,230,690,330,360
ORD-12382,2025-07-14,"Prime Dynamics","Ergonomic Vertical Mouse",Accessories,East,2,64,128,48,80
ORD-12383,2024-07-20,"Beacon Partners","Ergonomic Executive Chair",Furniture,Central,1,359,359,190,169
ORD-12384,2025-10-30,"Horizon Technologies","Ergonomic Executive Chair",Furniture,Central,2,359,718,380,338
ORD-12385,2025-05-20,"Crestview Solutions","1080p Studio Webcam",Accessories,West,2,99,198,76,122
ORD-12386,2025-05-04,"Vanguard Industrial","Thunderbolt 4 Docking Hub",Accessories,East,5,214,1070,475,595
ORD-12387,2024-06-10,"Crestview Solutions","Ergonomic Vertical Mouse",Accessories,Central,3,69,207,72,135
ORD-12388,2025-10-12,"Prime Dynamics","Heavy-Duty Paper Shredder",Office Supplies,West,2,151,302,130,172
ORD-12389,2025-12-16,"Velocity Freight","1080p Studio Webcam",Accessories,South,1,94,94,38,56
ORD-12390,2025-06-25,"Beacon Partners","Standing Motorized Desk",Furniture,South,6,617,3702,1980,1722
ORD-12391,2024-07-27,"Prime Dynamics","1080p Studio Webcam",Accessories,South,2,99,198,76,122
ORD-12392,2024-03-31,"Quantum Edge","Modular Conference Table",Furniture,South,2,1139,2278,1240,1038
ORD-12393,2024-10-20,"Prime Dynamics","UltraBook Pro 15",Electronics,South,4,1169,4676,3400,1276
ORD-12394,2025-07-27,"Crestview Solutions","Locking Storage Credenza",Furniture,South,5,397,1985,1050,935
ORD-12395,2024-01-10,"Zenith Dynamics","Ergonomic Executive Chair",Furniture,East,2,359,718,380,338
ORD-12396,2024-03-25,"Stellar Media","Heavy-Duty Paper Shredder",Office Supplies,Central,1,155,155,65,90
ORD-12397,2024-08-16,"Vanguard Industrial","Acoustic Privacy Panel",Furniture,West,2,134,268,120,148
ORD-12398,2025-02-16,"Vertex Health","Modular Conference Table",Furniture,Central,5,1079,5395,3100,2295
ORD-12399,2025-08-04,"Beacon Partners","Ergonomic Executive Chair",Furniture,Central,1,389,389,190,199
ORD-12400,2025-07-23,"Apex Retail","LaserJet High-Speed Printer",Office Supplies,East,1,499,499,280,219
ORD-12401,2025-05-25,"Zenith Dynamics","Ergonomic Vertical Mouse",Accessories,South,2,67,134,48,86
ORD-12402,2024-09-24,"Stellar Media","Heavy-Duty Paper Shredder",Office Supplies,North,5,159,795,325,470
ORD-12403,2024-03-20,"Vertex Health","Thunderbolt 4 Docking Hub",Accessories,West,2,197,394,190,204
ORD-12404,2024-08-30,"Vertex Health","4K Ultra Monitor 32""",Electronics,East,6,549,3294,1920,1374
ORD-12405,2025-06-22,"Pinnacle Goods","Thunderbolt 4 Docking Hub",Accessories,East,1,208,208,95,113
ORD-12406,2024-06-03,"Global Logistics","4K Ultra Monitor 32""",Electronics,North,2,535,1070,640,430
ORD-12407,2024-10-03,"Stellar Media","Heavy-Duty Paper Shredder",Office Supplies,East,1,159,159,65,94
ORD-12408,2025-08-28,"BluePeak Software","Heavy-Duty Paper Shredder",Office Supplies,North,2,151,302,130,172
ORD-12409,2024-01-06,"Zenith Dynamics","Acoustic Privacy Panel",Furniture,East,1,145,145,60,85
ORD-12410,2025-07-05,"Velocity Freight","Enterprise Server X1",Electronics,South,1,2827,2827,1800,1027
ORD-12411,2025-02-11,"Cascade Ventures","Enterprise Server X1",Electronics,West,3,2609,7827,5400,2427
ORD-12412,2024-10-26,"Acme Corp","High-Yield Toner Cartridges",Office Supplies,Central,4,82,328,112,216
ORD-12413,2024-10-05,"Horizon Technologies","Standing Motorized Desk",Furniture,West,10,617,6170,3300,2870
ORD-12414,2025-09-04,"Atlas Energy","UltraBook Pro 15",Electronics,South,2,1202,2404,1700,704
ORD-12415,2024-09-05,"Acme Corp","High-Yield Toner Cartridges",Office Supplies,South,1,85,85,28,57
ORD-12416,2024-05-05,"Vertex Health","Modular Conference Table",Furniture,Central,4,1109,4436,2480,1956
ORD-12417,2025-03-08,"Apex Retail","Standing Motorized Desk",Furniture,West,3,584,1752,990,762
ORD-12418,2025-06-02,"Zenith Dynamics","Ergonomic Executive Chair",Furniture,East,2,379,758,380,378
ORD-12419,2024-02-01,"Velocity Freight","Noise-Cancelling Headphones",Electronics,South,6,224,1344,660,684
ORD-12420,2025-06-16,"Acme Corp","Universal Laptop Stand",Accessories,North,1,48,48,16,32
ORD-12421,2024-11-17,"Atlas Energy","Heavy-Duty Paper Shredder",Office Supplies,East,2,147,294,130,164
ORD-12422,2025-10-25,"BluePeak Software","Locking Storage Credenza",Furniture,South,1,386,386,210,176
ORD-12423,2024-05-06,"Nexus Enterprises","1080p Studio Webcam",Accessories,North,2,92,184,76,108
ORD-12424,2024-11-22,"Horizon Technologies","LaserJet High-Speed Printer",Office Supplies,South,2,499,998,560,438
ORD-12425,2025-05-20,"Nexus Enterprises","Standing Motorized Desk",Furniture,West,2,617,1234,660,574
ORD-12426,2025-08-30,"Global Logistics","Universal Laptop Stand",Accessories,West,1,48,48,16,32
ORD-12427,2025-04-15,"Crestview Solutions","1080p Studio Webcam",Accessories,East,8,94,752,304,448
ORD-12428,2024-08-12,"Apex Retail","Heavy-Duty Paper Shredder",Office Supplies,North,2,143,286,130,156
ORD-12429,2025-04-05,"Acme Corp","Noise-Cancelling Headphones",Electronics,Central,8,224,1792,880,912
ORD-12430,2025-11-24,"Stellar Media","Heavy-Duty Paper Shredder",Office Supplies,South,6,147,882,390,492
ORD-12431,2025-05-02,"Global Logistics","Standing Motorized Desk",Furniture,Central,2,584,1168,660,508
ORD-12432,2024-12-18,"Horizon Technologies","Smart Wireless Router",Electronics,East,1,175,175,75,100
ORD-12433,2024-07-25,"Lumina Systems","Ergonomic Vertical Mouse",Accessories,West,2,62,124,48,76
ORD-12434,2025-05-20,"Stellar Media","Ergonomic Executive Chair",Furniture,West,12,389,4668,2280,2388
ORD-12435,2024-08-10,"Quantum Edge","Ergonomic Executive Chair",Furniture,West,2,379,758,380,378
ORD-12436,2025-02-10,"Lumina Systems","UltraBook Pro 15",Electronics,South,2,1169,2338,1700,638
ORD-12437,2024-08-07,"Zenith Dynamics","Acoustic Privacy Panel",Furniture,East,5,145,725,300,425
ORD-12438,2024-01-10,"Prime Dynamics","4K Ultra Monitor 32""",Electronics,North,2,535,1070,640,430
ORD-12439,2025-05-18,"Global Logistics","Modular Conference Table",Furniture,South,5,1139,5695,3100,2595
ORD-12440,2024-10-22,"Quantum Edge","Heavy-Duty Paper Shredder",Office Supplies,North,1,151,151,65,86
ORD-12441,2025-01-16,"Acme Corp","Thunderbolt 4 Docking Hub",Accessories,East,16,197,3152,1520,1632
ORD-12442,2025-03-12,"Zenith Dynamics","Thunderbolt 4 Docking Hub",Accessories,South,2,203,406,190,216
ORD-12443,2025-11-04,"Quantum Edge","Universal Laptop Stand",Accessories,West,16,44,704,256,448
ORD-12444,2025-07-04,"Stellar Media","Noise-Cancelling Headphones",Electronics,South,5,249,1245,550,695
ORD-12445,2024-05-25,"Global Logistics","Ergonomic Executive Chair",Furniture,East,2,379,758,380,378
ORD-12446,2025-07-17,"Zenith Dynamics","4K Ultra Monitor 32""",Electronics,Central,4,522,2088,1280,808
ORD-12447,2025-03-29,"Acme Corp","UltraBook Pro 15",Electronics,North,6,1234,7404,5100,2304
ORD-12448,2024-10-25,"Horizon Technologies","High-Yield Toner Cartridges",Office Supplies,Central,5,82,410,140,270
ORD-12449,2025-09-26,"Prime Dynamics","Ergonomic Executive Chair",Furniture,Central,3,389,1167,570,597
ORD-12450,2024-02-01,"Pinnacle Goods","Modular Conference Table",Furniture,Central,2,1139,2278,1240,1038
ORD-12451,2024-04-15,"Atlas Energy","Ergonomic Vertical Mouse",Accessories,North,6,67,402,144,258
ORD-12452,2024-04-07,"Acme Corp","Noise-Cancelling Headphones",Electronics,East,3,224,672,330,342
ORD-12453,2025-11-11,"Crestview Solutions","4K Ultra Monitor 32""",Electronics,East,2,494,988,640,348
ORD-12454,2024-08-22,"Quantum Edge","LaserJet High-Speed Printer",Office Supplies,North,1,499,499,280,219
ORD-12455,2024-12-12,"Atlas Energy","Heavy-Duty Paper Shredder",Office Supplies,East,12,151,1812,780,1032
ORD-12456,2024-06-03,"Quantum Edge","Standing Motorized Desk",Furniture,Central,1,633,633,330,303
ORD-12457,2025-09-16,"Nexus Enterprises","Enterprise Server X1",Electronics,Central,1,2899,2899,1800,1099
ORD-12458,2025-08-17,"BluePeak Software","Thunderbolt 4 Docking Hub",Accessories,Central,5,219,1095,475,620
ORD-12459,2025-07-30,"Pinnacle Goods","Ergonomic Vertical Mouse",Accessories,North,1,62,62,24,38
ORD-12460,2025-05-01,"Zenith Dynamics","Enterprise Server X1",Electronics,East,2,2827,5654,3600,2054
ORD-12461,2024-02-22,"Summit Financial","Locking Storage Credenza",Furniture,West,2,418,836,420,416
ORD-12462,2025-03-07,"Stellar Media","Smart Wireless Router",Electronics,West,1,166,166,75,91
ORD-12463,2025-05-04,"Zenith Dynamics","LaserJet High-Speed Printer",Office Supplies,East,1,474,474,280,194
ORD-12464,2024-04-24,"Lumina Systems","High-Yield Toner Cartridges",Office Supplies,West,2,89,178,56,122
ORD-12465,2025-01-20,"BluePeak Software","Thunderbolt 4 Docking Hub",Accessories,North,4,214,856,380,476
ORD-12466,2025-07-24,"Horizon Technologies","Acoustic Privacy Panel",Furniture,South,1,142,142,60,82
ORD-12467,2025-12-22,"Summit Financial","Noise-Cancelling Headphones",Electronics,Central,1,237,237,110,127
ORD-12468,2025-01-13,"BluePeak Software","Locking Storage Credenza",Furniture,Central,3,386,1158,630,528
ORD-12469,2025-11-01,"BluePeak Software","Heavy-Duty Paper Shredder",Office Supplies,South,2,151,302,130,172
ORD-12470,2024-12-22,"Crestview Solutions","Thunderbolt 4 Docking Hub",Accessories,North,6,208,1248,570,678
ORD-12471,2024-12-15,"Cascade Ventures","UltraBook Pro 15",Electronics,North,1,1299,1299,850,449
ORD-12472,2025-12-29,"Lumina Systems","Enterprise Server X1",Electronics,West,1,2827,2827,1800,1027
ORD-12473,2025-02-17,"Acme Corp","Mechanical Backlit Keyboard",Accessories,South,6,116,696,288,408
ORD-12474,2024-08-25,"Apex Retail","Modular Conference Table",Furniture,West,2,1169,2338,1240,1098
ORD-12475,2025-11-15,"Vanguard Industrial","High-Yield Toner Cartridges",Office Supplies,East,10,82,820,280,540
ORD-12476,2024-04-15,"Zenith Dynamics","Thunderbolt 4 Docking Hub",Accessories,East,2,208,416,190,226
ORD-12477,2025-12-11,"Stellar Media","Locking Storage Credenza",Furniture,South,2,386,772,420,352
ORD-12478,2025-04-20,"Vertex Health","Smart Wireless Router",Electronics,South,5,166,830,375,455
ORD-12479,2024-04-09,"Quantum Edge","Universal Laptop Stand",Accessories,East,2,47,94,32,62
ORD-12480,2024-09-09,"Global Logistics","Ergonomic Executive Chair",Furniture,North,4,389,1556,760,796
ORD-12481,2024-02-13,"Quantum Edge","Mechanical Backlit Keyboard",Accessories,East,1,126,126,48,78
ORD-12482,2024-11-29,"Lumina Systems","Universal Laptop Stand",Accessories,South,1,47,47,16,31
ORD-12483,2024-09-13,"Crestview Solutions","High-Yield Toner Cartridges",Office Supplies,North,1,80,80,28,52
ORD-12484,2024-02-24,"Apex Retail","Smart Wireless Router",Electronics,East,2,175,350,150,200
ORD-12485,2024-01-21,"Global Logistics","Thunderbolt 4 Docking Hub",Accessories,West,2,203,406,190,216
ORD-12486,2025-10-26,"Apex Retail","Acoustic Privacy Panel",Furniture,Central,1,149,149,60,89
ORD-12487,2025-03-23,"Global Logistics","Locking Storage Credenza",Furniture,East,2,397,794,420,374
ORD-12488,2025-07-08,"Lumina Systems","Locking Storage Credenza",Furniture,West,2,386,772,420,352
ORD-12489,2025-11-16,"Apex Retail","Ergonomic Vertical Mouse",Accessories,West,2,66,132,48,84
ORD-12490,2025-03-11,"Vertex Health","Locking Storage Credenza",Furniture,South,4,418,1672,840,832
ORD-12491,2025-02-23,"Vertex Health","Thunderbolt 4 Docking Hub",Accessories,North,5,197,985,475,510
ORD-12492,2024-09-17,"Pinnacle Goods","Standing Motorized Desk",Furniture,South,2,649,1298,660,638
ORD-12493,2025-11-14,"Beacon Partners","Noise-Cancelling Headphones",Electronics,Central,2,249,498,220,278
ORD-12494,2024-10-10,"Pinnacle Goods","Thunderbolt 4 Docking Hub",Accessories,North,5,197,985,475,510
ORD-12495,2024-02-26,"Vanguard Industrial","4K Ultra Monitor 32""",Electronics,East,1,494,494,320,174
ORD-12496,2025-02-08,"Apex Retail","Ergonomic Executive Chair",Furniture,South,1,399,399,190,209
ORD-12497,2024-03-25,"Zenith Dynamics","Ergonomic Executive Chair",Furniture,South,4,379,1516,760,756
ORD-12498,2024-01-13,"BluePeak Software","Smart Wireless Router",Electronics,East,2,166,332,150,182
ORD-12499,2024-09-22,"Vanguard Industrial","1080p Studio Webcam",Accessories,South,2,99,198,76,122
ORD-12500,2025-05-06,"Nexus Enterprises","Smart Wireless Router",Electronics,Central,1,161,161,75,86